mean_fit_time,std_fit_time,mean_score_time,std_score_time,param_pca__n_components,param_pca__whiten,param_svc__C,param_svc__gamma,param_svc__kernel,params,split0_test_accuracy,split1_test_accuracy,split2_test_accuracy,split3_test_accuracy,split4_test_accuracy,mean_test_accuracy,std_test_accuracy,rank_test_accuracy,split0_train_accuracy,split1_train_accuracy,split2_train_accuracy,split3_train_accuracy,split4_train_accuracy,mean_train_accuracy,std_train_accuracy,split0_test_macro_f1,split1_test_macro_f1,split2_test_macro_f1,split3_test_macro_f1,split4_test_macro_f1,mean_test_macro_f1,std_test_macro_f1,rank_test_macro_f1,split0_train_macro_f1,split1_train_macro_f1,split2_train_macro_f1,split3_train_macro_f1,split4_train_macro_f1,mean_train_macro_f1,std_train_macro_f1,split0_test_macro_precision,split1_test_macro_precision,split2_test_macro_precision,split3_test_macro_precision,split4_test_macro_precision,mean_test_macro_precision,std_test_macro_precision,rank_test_macro_precision,split0_train_macro_precision,split1_train_macro_precision,split2_train_macro_precision,split3_train_macro_precision,split4_train_macro_precision,mean_train_macro_precision,std_train_macro_precision,split0_test_macro_recall,split1_test_macro_recall,split2_test_macro_recall,split3_test_macro_recall,split4_test_macro_recall,mean_test_macro_recall,std_test_macro_recall,rank_test_macro_recall,split0_train_macro_recall,split1_train_macro_recall,split2_train_macro_recall,split3_train_macro_recall,split4_train_macro_recall,mean_train_macro_recall,std_train_macro_recall,Model,param_knn__n_neighbors,param_knn__weights,param_PNN__sigma
0.35184612274169924,0.006766819113172883,0.3573648452758789,0.007491203073834924,30,False,1.0,scale,rbf,"{'pca__n_components': 30, 'pca__whiten': False, 'svc__C': 1, 'svc__gamma': 'scale', 'svc__kernel': 'rbf'}",0.9575,0.9575,0.955,0.9675,0.9683333333333334,0.9611666666666668,0.005592653911854194,39,0.9802083333333333,0.9816666666666667,0.98,0.9795833333333334,0.978125,0.9799166666666667,0.0011380416903123034,0.9574532708444699,0.9575140768525252,0.9549142596793878,0.9675800914652902,0.9682884219495704,0.9611500241582487,0.005622692328573337,39,0.9803412580833833,0.9817442829890549,0.9801262537542779,0.9796673155779895,0.9782426822822278,0.9800243585373867,0.001128786785002081,0.9610126061750776,0.9601002146923535,0.956578332116426,0.9695973835296084,0.9698031722917306,0.9634183417610392,0.0053390988186262645,39,0.9809606103099495,0.9821166739881828,0.980733848458932,0.9800996647774004,0.9788070410682015,0.9805435677205331,0.0010860358417005833,0.9575,0.9575,0.9550000000000002,0.9675,0.9683333333333334,0.9611666666666668,0.005592653911854145,39,0.9802083333333333,0.9816666666666667,0.9800000000000001,0.9795833333333331,0.9781250000000001,0.9799166666666667,0.0011380416903122833,SVM (RBF),,,
1.131181240081787,0.010983298371530914,0.5508575439453125,0.007229993610100493,30,False,1.0,0.01,rbf,"{'pca__n_components': 30, 'pca__whiten': False, 'svc__C': 1, 'svc__gamma': 0.01, 'svc__kernel': 'rbf'}",0.8283333333333334,0.8216666666666667,0.82,0.82,0.8316666666666667,0.8243333333333333,0.004784233364802465,48,0.83625,0.8289583333333334,0.8375,0.8327083333333334,0.8333333333333334,0.83375,0.002984334096578334,0.8238961558547604,0.8201572378898054,0.8164359453951318,0.8179629307884145,0.8271988143548996,0.8211302168566024,0.00393682277476176,48,0.8343898103706083,0.8274263556010116,0.833970279646715,0.8296161898958523,0.8317102243142684,0.8314225719656912,0.002631000701967718,0.8504224151177417,0.8458876699858877,0.8447704242791113,0.844688621146546,0.8510452391673194,0.8473628739393213,0.0027917469741878774,48,0.8560391309572666,0.8503146670942041,0.8569598346928017,0.8504843155130939,0.8515916506508063,0.8530779197816345,0.0028428640294557344,0.8283333333333334,0.8216666666666668,0.8200000000000001,0.82,0.8316666666666667,0.8243333333333334,0.004784233364802433,48,0.8362499999999999,0.8289583333333331,0.8375,0.8327083333333332,0.8333333333333335,0.8337499999999999,0.0029843340965783984,SVM (RBF),,,
0.3307642936706543,0.004834693794133342,0.31056966781616213,0.0009628896790856106,30,False,10.0,scale,rbf,"{'pca__n_components': 30, 'pca__whiten': False, 'svc__C': 10, 'svc__gamma': 'scale', 'svc__kernel': 'rbf'}",0.9725,0.9658333333333333,0.965,0.9775,0.9725,0.9706666666666667,0.004666666666666692,20,0.999375,0.9989583333333333,0.9995833333333334,0.999375,0.9991666666666666,0.9992916666666668,0.00021245914639973258,0.9724495266915482,0.9657504215262374,0.9646378354625263,0.9774459784277827,0.9724235212585662,0.9705414566733322,0.004746832209726014,24,0.9993749755849838,0.9989595706622414,0.9995833170566558,0.9993749755849838,0.9991666341133117,0.9992918946004353,0.00021206665815626388,0.9743107164045379,0.9675893393728061,0.9666221605223321,0.9783705296139674,0.9735498468393206,0.9720885185505928,0.0043968395476031465,28,0.9993827160493827,0.998976211984342,0.9995884773662552,0.9993827160493827,0.9991769547325103,0.9993014152363745,0.00020826515933196089,0.9725000000000001,0.9658333333333334,0.965,0.9775000000000001,0.9725000000000001,0.9706666666666667,0.004666666666666719,20,0.9993750000000001,0.9989583333333333,0.9995833333333334,0.9993750000000001,0.9991666666666668,0.9992916666666668,0.00021245914639973694,SVM (RBF),,,
0.3694931983947754,0.004747422873122782,0.47319841384887695,0.001610952367316292,30,False,10.0,0.01,rbf,"{'pca__n_components': 30, 'pca__whiten': False, 'svc__C': 10, 'svc__gamma': 0.01, 'svc__kernel': 'rbf'}",0.93,0.9241666666666667,0.9183333333333333,0.9383333333333334,0.9358333333333333,0.9293333333333333,0.007367345368433443,44,0.9389583333333333,0.9375,0.938125,0.9352083333333333,0.935,0.9369583333333333,0.0015844294451526205,0.9298726269517893,0.9246597409532388,0.9183622963302388,0.9379076560113316,0.9358670705774265,0.929333878164805,0.007193131258951607,44,0.9392148331839643,0.9376798311762143,0.9384490404761799,0.9352577372890796,0.9350913338485792,0.9371385551948034,0.0016762978782995615,0.937531670074381,0.9294348650091908,0.9246094415834285,0.9424232386538046,0.9397473383755185,0.9347493107392648,0.006673398733410123,44,0.9415941510637603,0.9400774543713293,0.9417428724501817,0.937507896881602,0.9376435378326293,0.9397131825199005,0.0018404940497515389,0.93,0.9241666666666668,0.9183333333333333,0.9383333333333334,0.9358333333333334,0.9293333333333335,0.007367345368433447,44,0.9389583333333333,0.9374999999999999,0.9381249999999999,0.9352083333333333,0.9349999999999999,0.9369583333333333,0.001584429445152624,SVM (RBF),,,
0.3285557270050049,0.0031989150406489344,0.3100594997406006,0.0007952350029819326,30,False,100.0,scale,rbf,"{'pca__n_components': 30, 'pca__whiten': False, 'svc__C': 100, 'svc__gamma': 'scale', 'svc__kernel': 'rbf'}",0.9708333333333333,0.9666666666666667,0.9658333333333333,0.9775,0.9741666666666666,0.9710000000000001,0.004422166387140539,19,1.0,1.0,1.0,1.0,1.0,1.0,0.0,0.970807444625846,0.9664394855661238,0.965460901048108,0.9774111456107606,0.9740764967241219,0.9708390947149919,0.004515642905606018,23,1.0,1.0,1.0,1.0,1.0,1.0,0.0,0.9726525305358257,0.9682286909632448,0.967680361580533,0.9780841251971283,0.9750403154350522,0.9723372047423566,0.003974906444017003,25,1.0,1.0,1.0,1.0,1.0,1.0,0.0,0.9708333333333334,0.9666666666666667,0.9658333333333334,0.9775000000000001,0.9741666666666668,0.9710000000000001,0.0044221663871405765,19,1.0,1.0,1.0,1.0,1.0,1.0,0.0,SVM (RBF),,,
0.21207771301269532,0.0031720675036235866,0.3228944778442383,0.0015381981725582092,30,False,100.0,0.01,rbf,"{'pca__n_components': 30, 'pca__whiten': False, 'svc__C': 100, 'svc__gamma': 0.01, 'svc__kernel': 'rbf'}",0.9625,0.9541666666666667,0.9575,0.9675,0.9675,0.9618333333333334,0.005333333333333328,38,0.9814583333333333,0.9829166666666667,0.9802083333333333,0.9814583333333333,0.9795833333333334,0.9811249999999999,0.0011531960419248243,0.9624809650124603,0.9538933146442774,0.9570608684919667,0.9675167514056818,0.9674868587093562,0.9616877516527484,0.005484475622523449,38,0.9815269216911947,0.9829784137669664,0.9803340452848323,0.9815022467530624,0.9796087408626023,0.9811900736717316,0.0011526037454003323,0.9649060114603593,0.9558384597858283,0.9589388166044681,0.9691501686544761,0.969838567653213,0.9637344048316688,0.00553728414009145,38,0.9821089834687824,0.9833576725290831,0.9810476648568457,0.981838200624433,0.9801857916950317,0.9817076626348353,0.0010632327547601013,0.9625,0.9541666666666669,0.9575,0.9675,0.9675,0.9618333333333334,0.005333333333333264,38,0.9814583333333334,0.9829166666666665,0.9802083333333335,0.9814583333333331,0.9795833333333331,0.9811249999999999,0.0011531960419248252,SVM (RBF),,,
0.5730455875396728,0.011185651285911988,0.3902541160583496,0.0028470506649241585,30,True,1.0,scale,rbf,"{'pca__n_components': 30, 'pca__whiten': True, 'svc__C': 1, 'svc__gamma': 'scale', 'svc__kernel': 'rbf'}",0.9683333333333334,0.9566666666666667,0.96,0.9733333333333334,0.9708333333333333,0.9658333333333333,0.006411794687223802,37,0.993125,0.9925,0.993125,0.993125,0.9922916666666667,0.9928333333333335,0.00036324157862839275,0.9684721742385861,0.9572112269730606,0.9595251090661873,0.973853878555195,0.9707499380152155,0.965962465369649,0.006473278375838936,37,0.9931483014082095,0.9925243207336142,0.9931405988081394,0.993140650498042,0.9923121189712593,0.9928531980838529,0.0003614528894268421,0.9711477845651354,0.9610705905683389,0.9613572757651705,0.9756751793845615,0.9726152887708951,0.9683732238108202,0.006026007583122047,37,0.9932922446839381,0.9927006486971576,0.9932836133987691,0.9932680314686617,0.9924846529700143,0.9930058382437081,0.00034429862672538924,0.9683333333333335,0.9566666666666668,0.9600000000000002,0.9733333333333334,0.9708333333333334,0.9658333333333335,0.006411794687223756,37,0.9931249999999998,0.9924999999999999,0.9931249999999999,0.9931249999999999,0.9922916666666666,0.9928333333333332,0.00036324157862837496,SVM (RBF),,,
0.42838101387023925,0.005821064532944415,0.42644491195678713,0.006228117209808479,30,True,1.0,0.01,rbf,"{'pca__n_components': 30, 'pca__whiten': True, 'svc__C': 1, 'svc__gamma': 0.01, 'svc__kernel': 'rbf'}",0.9608333333333333,0.9508333333333333,0.9491666666666667,0.97,0.9641666666666666,0.959,0.007930251502246858,40,0.9754166666666667,0.9764583333333333,0.9764583333333333,0.974375,0.9733333333333334,0.9752083333333333,0.001214781644759418,0.9607901740341114,0.9509637383062616,0.9491298896479212,0.9703180884852377,0.964161359222111,0.9590726499391286,0.007998970800745938,40,0.9755189683155502,0.976582329756873,0.9765483799663317,0.9744242967419916,0.9734141731573516,0.9752976295876197,0.0012307672607914746,0.9631942826969077,0.9541520492925459,0.952177852817155,0.9721796751430618,0.9664175403374488,0.9616242800574237,0.007509005766720955,40,0.9761176046617887,0.9771566515110208,0.9772834514870008,0.9748754385888284,0.9739730407114295,0.9758812373920136,0.0012885341154696246,0.9608333333333334,0.9508333333333335,0.9491666666666667,0.9700000000000001,0.9641666666666668,0.9590000000000002,0.007930251502246877,40,0.9754166666666667,0.9764583333333332,0.9764583333333334,0.9743750000000001,0.9733333333333333,0.9752083333333333,0.0012147816447594369,SVM (RBF),,,
0.5610064506530762,0.01227037660691856,0.3756049633026123,0.004525328375118082,30,True,10.0,scale,rbf,"{'pca__n_components': 30, 'pca__whiten': True, 'svc__C': 10, 'svc__gamma': 'scale', 'svc__kernel': 'rbf'}",0.9666666666666667,0.965,0.9608333333333333,0.975,0.975,0.9685,0.005637178175095918,29,1.0,1.0,1.0,1.0,0.9997916666666666,0.9999583333333334,8.333333333334635e-05,0.966969134192766,0.9655745137862833,0.960323417082082,0.975273348700372,0.9749474332463107,0.968617569401563,0.005746948114983063,31,1.0,1.0,1.0,1.0,0.9997916585283279,0.9999583317056656,8.333658866885863e-05,0.9703257861127024,0.9687206342381194,0.9622601736069227,0.9766322756826189,0.9760813842907664,0.9708040507862259,0.005279879794596902,30,1.0,1.0,1.0,1.0,0.9997942386831277,0.9999588477366256,8.230452674893308e-05,0.9666666666666668,0.965,0.9608333333333334,0.9750000000000001,0.975,0.9685,0.005637178175095907,29,1.0,1.0,1.0,1.0,0.9997916666666666,0.9999583333333334,8.333333333334635e-05,SVM (RBF),,,
0.3532198429107666,0.005137261984874227,0.35468521118164065,0.0039533031662871265,30,True,10.0,0.01,rbf,"{'pca__n_components': 30, 'pca__whiten': True, 'svc__C': 10, 'svc__gamma': 0.01, 'svc__kernel': 'rbf'}",0.9708333333333333,0.9691666666666666,0.9591666666666666,0.9758333333333333,0.9775,0.9705,0.0064463598686046,21,0.9983333333333333,0.9975,0.9979166666666667,0.9983333333333333,0.998125,0.9980416666666667,0.0003118047822311304,0.9708634860107378,0.9692578960839551,0.9583797539445805,0.9757857250570031,0.9774313063335215,0.9703436334859596,0.006699775415578459,26,0.9983382603140675,0.9975023929577469,0.9979191166004157,0.9983332356656376,0.9981274990728324,0.9980441009221399,0.0003118180554936731,0.9727106110687347,0.9710930735930737,0.9593007697496861,0.9767102924196746,0.9784363879615595,0.9716502269585456,0.006717144799942695,29,0.9983784489418841,0.9975433478871826,0.9979472148214216,0.998353784000803,0.9981530412526348,0.9980751673807852,0.0003081801737273285,0.9708333333333334,0.9691666666666667,0.9591666666666667,0.9758333333333334,0.9774999999999999,0.9705,0.0064463598686045525,21,0.9983333333333333,0.9974999999999999,0.9979166666666666,0.9983333333333333,0.9981249999999999,0.9980416666666665,0.000311804782231172,SVM (RBF),,,
0.5567260265350342,0.005351726694035738,0.37682356834411623,0.0023507411891423493,30,True,100.0,scale,rbf,"{'pca__n_components': 30, 'pca__whiten': True, 'svc__C': 100, 'svc__gamma': 'scale', 'svc__kernel': 'rbf'}",0.9658333333333333,0.965,0.96,0.975,0.975,0.9681666666666666,0.005925462944877063,31,1.0,1.0,1.0,1.0,1.0,1.0,0.0,0.9661358008594327,0.9655745137862833,0.959526926750708,0.975273348700372,0.9749474332463107,0.9682916046686214,0.006031491618361503,32,1.0,1.0,1.0,1.0,1.0,1.0,0.0,0.969492452779369,0.9687206342381194,0.961601412078596,0.9766322756826189,0.9760813842907664,0.970505631813894,0.005515843688385788,32,1.0,1.0,1.0,1.0,1.0,1.0,0.0,0.9658333333333335,0.965,0.9600000000000001,0.9750000000000001,0.975,0.9681666666666666,0.005925462944877041,31,1.0,1.0,1.0,1.0,1.0,1.0,0.0,SVM (RBF),,,
0.35385890007019044,0.006028951839831991,0.3510157108306885,0.004192421478584891,30,True,100.0,0.01,rbf,"{'pca__n_components': 30, 'pca__whiten': True, 'svc__C': 100, 'svc__gamma': 0.01, 'svc__kernel': 'rbf'}",0.9616666666666667,0.9641666666666666,0.9591666666666666,0.975,0.9741666666666666,0.9668333333333333,0.00652771867585538,35,1.0,1.0,1.0,1.0,1.0,1.0,0.0,0.9615592001946748,0.9643309893336015,0.9581529552229167,0.9749414577720099,0.9740268964883857,0.9666022998023177,0.006732745655579375,36,1.0,1.0,1.0,1.0,1.0,1.0,0.0,0.9641602297079985,0.9665119581452533,0.9604158906538937,0.9756499835447204,0.9752670185564921,0.9684010161216717,0.006082837435214002,36,1.0,1.0,1.0,1.0,1.0,1.0,0.0,0.9616666666666667,0.9641666666666667,0.9591666666666667,0.9750000000000001,0.9741666666666667,0.9668333333333333,0.006527718675855399,36,1.0,1.0,1.0,1.0,1.0,1.0,0.0,SVM (RBF),,,
0.3256803035736084,0.0034120274072686643,0.3503419876098633,0.0071375338183921316,40,False,1.0,scale,rbf,"{'pca__n_components': 40, 'pca__whiten': False, 'svc__C': 1, 'svc__gamma': 'scale', 'svc__kernel': 'rbf'}",0.9641666666666666,0.96,0.9616666666666667,0.9733333333333334,0.975,0.9668333333333333,0.006155395104206479,35,0.9839583333333334,0.985,0.985,0.985,0.9854166666666667,0.9848750000000001,0.00048591265790376724,0.9643050691315362,0.9600211104798082,0.9616351812272342,0.9733982419346036,0.9750435982556024,0.9668806402057569,0.006169514903690599,35,0.9840499539113245,0.9850775878760065,0.9850725301765316,0.985053841914073,0.9854939230878811,0.9849495673931633,0.00047916798826920027,0.966554452412576,0.9624128362495405,0.9632643312277179,0.9752641581445928,0.9762913349469414,0.9687574225962736,0.0059055626171943786,35,0.9844693663976231,0.9854422491960211,0.985493238112891,0.9853543247841308,0.9858517376885046,0.9853221832358342,0.00045878822189916117,0.9641666666666668,0.9600000000000002,0.9616666666666667,0.9733333333333333,0.9750000000000002,0.9668333333333334,0.006155395104206446,35,0.9839583333333334,0.985,0.985,0.9849999999999999,0.9854166666666667,0.9848750000000001,0.00048591265790376155,SVM (RBF),,,
0.9878813743591308,0.00988324109191697,0.533810806274414,0.006089859680665791,40,False,1.0,0.01,rbf,"{'pca__n_components': 40, 'pca__whiten': False, 'svc__C': 1, 'svc__gamma': 0.01, 'svc__kernel': 'rbf'}",0.8325,0.8283333333333334,0.8283333333333334,0.8258333333333333,0.8375,0.8305,0.004102844541697065,47,0.8425,0.8358333333333333,0.8441666666666666,0.8402083333333333,0.840625,0.8406666666666667,0.0027994295053734687,0.8284167749026123,0.8274157817892032,0.8251793827666772,0.8245289317719333,0.8329574674671695,0.8276996677395191,0.0029881330228991297,47,0.8408986197500685,0.8343438044754247,0.8407716012198351,0.8371908222437252,0.8389341849723043,0.8384278065322717,0.00245209761427482,0.8539730426224399,0.8501437491701407,0.8517638242269289,0.8500049625075962,0.8547449772542034,0.8521261111562618,0.0019406131985857569,47,0.8623761534770445,0.8571800068922727,0.8622542407177035,0.85738843309395,0.8573904274157518,0.8593178523193444,0.0024488197636237,0.8324999999999999,0.8283333333333335,0.8283333333333334,0.8258333333333332,0.8375,0.8305,0.004102844541697068,47,0.8424999999999999,0.8358333333333333,0.8441666666666665,0.8402083333333332,0.8406250000000001,0.8406666666666667,0.0027994295053734297,SVM (RBF),,,
0.3090673446655273,0.0023070443415959506,0.3033754348754883,0.0029471207292432007,40,False,10.0,scale,rbf,"{'pca__n_components': 40, 'pca__whiten': False, 'svc__C': 10, 'svc__gamma': 'scale', 'svc__kernel': 'rbf'}",0.9758333333333333,0.9741666666666666,0.9716666666666667,0.9841666666666666,0.9791666666666666,0.9770000000000001,0.004333333333333321,11,0.9995833333333334,0.9997916666666666,1.0,0.9997916666666666,0.9995833333333334,0.99975,0.0001559023911155578,0.975834283946652,0.9740053579811617,0.9716979839957175,0.9841352325466575,0.9791093234963582,0.9769564363933092,0.0043310379498619515,14,0.9995833170566558,0.9997916585283279,1.0,0.9997916585283279,0.9995833170566558,0.9997499902339936,0.00015590848129064074,0.9775369638413116,0.975578315023395,0.973558767302205,0.9845064049011417,0.9798094352041722,0.9781979772544449,0.0037739871228037077,16,0.9995884773662552,0.9997942386831277,1.0,0.9997942386831277,0.9995884773662552,0.9997530864197532,0.0001539776702375869,0.9758333333333334,0.9741666666666667,0.9716666666666666,0.9841666666666667,0.9791666666666669,0.9770000000000001,0.004333333333333387,11,0.9995833333333334,0.9997916666666666,1.0,0.9997916666666666,0.9995833333333334,0.99975,0.0001559023911155578,SVM (RBF),,,
0.3318772792816162,0.006356848384568429,0.4614874362945557,0.0038514017825397786,40,False,10.0,0.01,rbf,"{'pca__n_components': 40, 'pca__whiten': False, 'svc__C': 10, 'svc__gamma': 0.01, 'svc__kernel': 'rbf'}",0.935,0.9308333333333333,0.9283333333333333,0.9416666666666667,0.94,0.9351666666666667,0.005120763831912395,43,0.9441666666666667,0.945,0.945,0.9414583333333333,0.9410416666666667,0.9433333333333334,0.0017330528619237812,0.9347241633794764,0.9312222573324552,0.9281004739666611,0.9413194120425759,0.9401640897432311,0.9351060792928798,0.005069465698596636,43,0.9443697275568774,0.9452036363210539,0.9452991697672052,0.9416431019493924,0.9411637364382128,0.9435358744065484,0.0017773900823448946,0.9416224864057302,0.9351581244918897,0.9332768056166224,0.9459253349133381,0.94410796691605,0.940018143668726,0.004965096239641443,43,0.9467345451002482,0.947451555129981,0.9479708241019608,0.9438309284868479,0.943551593857307,0.9459078893352689,0.0018540689543002993,0.935,0.9308333333333335,0.9283333333333333,0.9416666666666668,0.94,0.9351666666666667,0.005120763831912386,43,0.9441666666666666,0.945,0.9450000000000001,0.9414583333333333,0.9410416666666667,0.9433333333333334,0.0017330528619237918,SVM (RBF),,,
0.3091157913208008,0.0011408963190785973,0.30591778755187987,0.005835616442663566,40,False,100.0,scale,rbf,"{'pca__n_components': 40, 'pca__whiten': False, 'svc__C': 100, 'svc__gamma': 'scale', 'svc__kernel': 'rbf'}",0.975,0.975,0.9733333333333334,0.9833333333333333,0.9775,0.9768333333333334,0.0035118845842842233,12,1.0,1.0,1.0,1.0,1.0,1.0,0.0,0.9750197867906915,0.9747211013126618,0.973288845621965,0.9833018992133241,0.9774401254856967,0.9767543516848679,0.003535342106882965,15,1.0,1.0,1.0,1.0,1.0,1.0,0.0,0.9768154631198109,0.9762256844350666,0.9750766064001356,0.9836730715678085,0.9782107415002153,0.9780003134046072,0.003010837291734598,17,1.0,1.0,1.0,1.0,1.0,1.0,0.0,0.975,0.975,0.9733333333333334,0.9833333333333335,0.9775000000000001,0.9768333333333334,0.0035118845842843096,12,1.0,1.0,1.0,1.0,1.0,1.0,0.0,SVM (RBF),,,
0.19494500160217285,0.00221410671435165,0.31318182945251466,0.004485569396984934,40,False,100.0,0.01,rbf,"{'pca__n_components': 40, 'pca__whiten': False, 'svc__C': 100, 'svc__gamma': 0.01, 'svc__kernel': 'rbf'}",0.9675,0.9625,0.9666666666666667,0.975,0.9733333333333334,0.9690000000000001,0.004576510072581989,28,0.9860416666666667,0.9872916666666667,0.9847916666666666,0.9854166666666667,0.985,0.9857083333333334,0.0008994597143718027,0.9674779531771948,0.9624900038629627,0.9664649977645171,0.9750683449457966,0.9733433951270624,0.9689689389755067,0.004621860669550898,30,0.9861110462999387,0.987330918512479,0.9848876082828167,0.9854559053836603,0.9850466440024359,0.9857664244962662,0.0008891827404921814,0.9695653742392873,0.9640843557911806,0.9679422865464055,0.9765449636387851,0.9754708053621097,0.9707215571155536,0.00468147343477232,31,0.9864583352873992,0.9876459678001948,0.9854800364398848,0.9857655773519362,0.9853880344964353,0.98614759027517,0.0008378764404917452,0.9674999999999999,0.9625,0.9666666666666667,0.975,0.9733333333333334,0.969,0.004576510072581996,28,0.9860416666666667,0.9872916666666668,0.9847916666666667,0.9854166666666667,0.9850000000000001,0.9857083333333334,0.0008994597143718018,SVM (RBF),,,
0.5741082191467285,0.0053483563967664585,0.38264217376708987,0.005158215076151885,40,True,1.0,scale,rbf,"{'pca__n_components': 40, 'pca__whiten': True, 'svc__C': 1, 'svc__gamma': 'scale', 'svc__kernel': 'rbf'}",0.97,0.9683333333333334,0.9666666666666667,0.9791666666666666,0.9791666666666666,0.9726666666666667,0.005410894360249285,18,0.9975,0.996875,0.9975,0.9975,0.9975,0.9973750000000001,0.0002500000000000391,0.9710553318127129,0.9688357239644361,0.9677329426395013,0.9797238071010242,0.9794149451694396,0.9733525501374227,0.0051885348213058955,18,0.997503525022634,0.9968760326071636,0.9974972245098089,0.9974984036147008,0.9975074362505183,0.997376524400965,0.00025027271722506027,0.9756899453029484,0.9721941266386531,0.9738360889047387,0.9825098435630669,0.9813814821785838,0.9771222973175983,0.004106189827432403,22,0.9975479991329365,0.9969184106192912,0.99752546447171,0.9975382014720288,0.997562705223613,0.9974185561839158,0.00025036948115821257,0.9700000000000001,0.9683333333333335,0.9666666666666667,0.9791666666666667,0.9791666666666667,0.9726666666666668,0.005410894360249309,18,0.9975,0.9968749999999997,0.9975,0.9975,0.9974999999999999,0.9973749999999999,0.0002500000000001168,SVM (RBF),,,
0.4218134880065918,0.004604349335353612,0.4005761623382568,0.003297488202533532,40,True,1.0,0.01,rbf,"{'pca__n_components': 40, 'pca__whiten': True, 'svc__C': 1, 'svc__gamma': 0.01, 'svc__kernel': 'rbf'}",0.975,0.97,0.9683333333333334,0.9816666666666667,0.9733333333333334,0.9736666666666667,0.004642796092394705,17,0.9879166666666667,0.9875,0.9895833333333334,0.9891666666666666,0.9891666666666666,0.9886666666666667,0.0008079466429027104,0.9750479613573322,0.9699800136955704,0.9685887252384154,0.981751913124872,0.9734469770824519,0.9737631180997284,0.004618610910417534,17,0.9879840339506936,0.9875298586140697,0.9896225167613888,0.9891890345745625,0.9891794215522445,0.9887009730905918,0.0008002337817434508,0.9763823384218121,0.9713352124013048,0.9718319713911819,0.9831670744714224,0.9745854562845409,0.9754604105940524,0.004270620452825675,24,0.9883766070948078,0.9878760426721503,0.9899329146613961,0.9894358569273142,0.9894192838848702,0.9890081410481077,0.0007599562366869388,0.9750000000000001,0.9700000000000001,0.9683333333333334,0.9816666666666667,0.9733333333333334,0.9736666666666668,0.004642796092394695,17,0.9879166666666667,0.9874999999999999,0.9895833333333334,0.9891666666666665,0.9891666666666665,0.9886666666666667,0.0008079466429027149,SVM (RBF),,,
0.5625675201416016,0.007149804781549094,0.37325196266174315,0.003689202834835882,40,True,10.0,scale,rbf,"{'pca__n_components': 40, 'pca__whiten': True, 'svc__C': 10, 'svc__gamma': 'scale', 'svc__kernel': 'rbf'}",0.9758333333333333,0.9741666666666666,0.97,0.9825,0.9816666666666667,0.9768333333333332,0.004696334267868483,13,1.0,1.0,1.0,1.0,1.0,1.0,0.0,0.9770310868706246,0.9747574711315932,0.9708384945469946,0.9830618387028556,0.9819755604998552,0.9775328903503848,0.0045404026624534365,7,1.0,1.0,1.0,1.0,1.0,1.0,0.0,0.9813793321688059,0.9779313830152115,0.9757660491097023,0.9856519792052026,0.9835319780933817,0.9808521443184608,0.0036026951604002356,6,1.0,1.0,1.0,1.0,1.0,1.0,0.0,0.9758333333333334,0.9741666666666667,0.9700000000000001,0.9825,0.9816666666666668,0.9768333333333334,0.0046963342678684565,12,1.0,1.0,1.0,1.0,1.0,1.0,0.0,SVM (RBF),,,
0.38089566230773925,0.002443198283025576,0.3565480709075928,0.00450627175049949,40,True,10.0,0.01,rbf,"{'pca__n_components': 40, 'pca__whiten': True, 'svc__C': 10, 'svc__gamma': 0.01, 'svc__kernel': 'rbf'}",0.9816666666666667,0.9841666666666666,0.9725,0.985,0.9875,0.9821666666666667,0.0051800900893066775,1,1.0,0.9997916666666666,1.0,1.0,0.9997916666666666,0.9999166666666668,0.00010206207261598171,0.9816920536079715,0.9841434441113516,0.9726485713809206,0.9850110187915068,0.9875116144018583,0.9822013404587218,0.0051260089432730175,1,1.0,0.9997916585283279,1.0,1.0,0.9997916585283279,0.9999166634113312,0.00010206605957145501,0.9830134996582365,0.9849267107161843,0.9749059714795009,0.98553998632946,0.9880369484316854,0.9832846233230134,0.004486491323797956,1,1.0,0.9997942386831277,1.0,1.0,0.9997942386831277,0.999917695473251,0.00010080204702806764,0.9816666666666668,0.9841666666666667,0.9725,0.9850000000000001,0.9875000000000002,0.9821666666666667,0.005180090089306719,1,1.0,0.9997916666666666,1.0,1.0,0.9997916666666666,0.9999166666666668,0.00010206207261598171,SVM (RBF),,,
0.5671825885772706,0.0050587951015831235,0.3721412181854248,0.00384221910099434,40,True,100.0,scale,rbf,"{'pca__n_components': 40, 'pca__whiten': True, 'svc__C': 100, 'svc__gamma': 'scale', 'svc__kernel': 'rbf'}",0.9758333333333333,0.9741666666666666,0.97,0.9825,0.9816666666666667,0.9768333333333332,0.004696334267868483,13,1.0,1.0,1.0,1.0,1.0,1.0,0.0,0.9770310868706246,0.9747574711315932,0.9708384945469946,0.9830618387028556,0.9819755604998552,0.9775328903503848,0.0045404026624534365,7,1.0,1.0,1.0,1.0,1.0,1.0,0.0,0.9813793321688059,0.9779313830152115,0.9757660491097023,0.9856519792052026,0.9835319780933817,0.9808521443184608,0.0036026951604002356,6,1.0,1.0,1.0,1.0,1.0,1.0,0.0,0.9758333333333334,0.9741666666666667,0.9700000000000001,0.9825,0.9816666666666668,0.9768333333333334,0.0046963342678684565,12,1.0,1.0,1.0,1.0,1.0,1.0,0.0,SVM (RBF),,,
0.3850250720977783,0.008442661399914063,0.356795597076416,0.0026864404336461594,40,True,100.0,0.01,rbf,"{'pca__n_components': 40, 'pca__whiten': True, 'svc__C': 100, 'svc__gamma': 0.01, 'svc__kernel': 'rbf'}",0.9825,0.9825,0.97,0.985,0.9866666666666667,0.9813333333333333,0.005883120864907613,2,1.0,1.0,1.0,1.0,1.0,1.0,0.0,0.9825484002281178,0.9824579412673121,0.9700558550458542,0.9850241065452876,0.9867011376157717,0.9813574881404687,0.005871198506806532,2,1.0,1.0,1.0,1.0,1.0,1.0,0.0,0.9838071504518873,0.9831482114376852,0.9722819018923474,0.9858039036986405,0.9871753246753248,0.9824432984311772,0.005278195040721476,3,1.0,1.0,1.0,1.0,1.0,1.0,0.0,0.9825,0.9825,0.9700000000000001,0.9850000000000001,0.9866666666666667,0.9813333333333333,0.005883120864907584,2,1.0,1.0,1.0,1.0,1.0,1.0,0.0,SVM (RBF),,,
0.30238614082336424,0.003000600311035263,0.352972412109375,0.007536838333849235,50,False,1.0,scale,rbf,"{'pca__n_components': 50, 'pca__whiten': False, 'svc__C': 1, 'svc__gamma': 'scale', 'svc__kernel': 'rbf'}",0.9641666666666666,0.96,0.9633333333333334,0.9733333333333334,0.975,0.9671666666666667,0.0059066817155564635,33,0.984375,0.9858333333333333,0.9854166666666667,0.985,0.9860416666666667,0.9853333333333334,0.0005980291706003182,0.9643050691315362,0.9600211104798082,0.9631792231498922,0.9733982419346034,0.9750435982556024,0.9671894485902885,0.005933353284081394,33,0.9844669254513758,0.9858958968502637,0.9854832053949257,0.9850541000946714,0.9861157246527927,0.9854031704888058,0.0005925070801706373,0.966554452412576,0.9624128362495405,0.9647209949555487,0.9752641581445928,0.9762913349469414,0.9690487553418399,0.0056581387505138005,33,0.9848746672547312,0.9862343357504079,0.9858761156723663,0.9853346613014485,0.9864974443199261,0.9857634448597761,0.0005910954443254892,0.9641666666666668,0.9600000000000002,0.9633333333333334,0.9733333333333333,0.9750000000000002,0.9671666666666667,0.005906681715556423,33,0.984375,0.9858333333333333,0.9854166666666668,0.9849999999999999,0.9860416666666666,0.9853333333333334,0.0005980291706003073,SVM (RBF),,,
0.8761556625366211,0.007298543996155764,0.5365109920501709,0.007504525529168942,50,False,1.0,0.01,rbf,"{'pca__n_components': 50, 'pca__whiten': False, 'svc__C': 1, 'svc__gamma': 0.01, 'svc__kernel': 'rbf'}",0.8341666666666666,0.8316666666666667,0.8275,0.8283333333333334,0.8383333333333334,0.8320000000000001,0.003965125751123438,45,0.843125,0.8366666666666667,0.8445833333333334,0.8397916666666667,0.8420833333333333,0.8412499999999999,0.0027732602153822876,0.8301334745170573,0.8311064082658518,0.8247017219762299,0.8271932150739665,0.8338366798665768,0.8293942999399364,0.003164727347510809,45,0.8416108467636843,0.8353857818855279,0.8412680688022871,0.8368807171306443,0.8405278152223803,0.8391346459609048,0.0025202444744297503,0.855498993211359,0.8542644039014091,0.8509165920884706,0.852495071743353,0.855023208168377,0.8536396538225937,0.0017021640106226108,45,0.8630786152230665,0.8580750597751352,0.8629213201699137,0.8573446469694569,0.8586400985410414,0.8600119481357227,0.002474546261491191,0.8341666666666666,0.8316666666666668,0.8275000000000001,0.8283333333333333,0.8383333333333333,0.8320000000000001,0.003965125751123396,45,0.8431249999999999,0.8366666666666666,0.8445833333333334,0.8397916666666666,0.8420833333333334,0.8412499999999999,0.0027732602153823275,SVM (RBF),,,
0.28403849601745607,0.004037809460075186,0.30663342475891114,0.011833387113427473,50,False,10.0,scale,rbf,"{'pca__n_components': 50, 'pca__whiten': False, 'svc__C': 10, 'svc__gamma': 'scale', 'svc__kernel': 'rbf'}",0.9758333333333333,0.9741666666666666,0.9716666666666667,0.9841666666666666,0.98,0.9771666666666668,0.004428443418528798,7,0.9997916666666666,0.9997916666666666,1.0,0.9997916666666666,0.9995833333333334,0.9997916666666666,0.00013176156917366796,0.975834283946652,0.9740053579811617,0.9716979839957175,0.9841352325466575,0.9799645455101167,0.977127480796061,0.004428475251309511,9,0.9997916585283279,0.9997916585283279,1.0,0.9997916585283279,0.9995833170566558,0.999791658528328,0.00013176671631105134,0.9775369638413116,0.975578315023395,0.973558767302205,0.9845064049011417,0.9806469456469458,0.9783654793429998,0.00385941080298065,12,0.9997942386831277,0.9997942386831277,1.0,0.9997942386831277,0.9995884773662552,0.9997942386831277,0.00013013488313447601,0.9758333333333334,0.9741666666666667,0.9716666666666666,0.9841666666666667,0.9800000000000002,0.9771666666666668,0.004428443418528868,7,0.9997916666666666,0.9997916666666666,1.0,0.9997916666666666,0.9995833333333334,0.9997916666666666,0.00013176156917366796,SVM (RBF),,,
0.29349794387817385,0.0023877897375239776,0.45311875343322755,0.003308597465344942,50,False,10.0,0.01,rbf,"{'pca__n_components': 50, 'pca__whiten': False, 'svc__C': 10, 'svc__gamma': 0.01, 'svc__kernel': 'rbf'}",0.935,0.93,0.9283333333333333,0.9433333333333334,0.9416666666666667,0.9356666666666668,0.006018490028422587,41,0.94625,0.945625,0.9454166666666667,0.9425,0.9416666666666667,0.9442916666666668,0.0018427786989580184,0.9347241633794764,0.930310552945141,0.9281004739666611,0.9431481169139764,0.9417708871809984,0.9356108388772508,0.006000692639989191,41,0.9464817775498457,0.9458448249643158,0.9456715820756026,0.9426553368610392,0.941813557857541,0.9444934158616689,0.0018829836817256707,0.9416224864057302,0.9343428817281176,0.9332768056166224,0.9475598767174855,0.9456497825883006,0.9404903666112512,0.005791481230342003,41,0.948714526717281,0.9480463789768323,0.948248094149173,0.9446747498995026,0.9441632796091926,0.9467694058703963,0.001938048099252135,0.935,0.9300000000000002,0.9283333333333333,0.9433333333333336,0.9416666666666667,0.9356666666666668,0.0060184900284226215,41,0.9462499999999999,0.9456249999999999,0.9454166666666667,0.9425,0.9416666666666667,0.9442916666666665,0.0018427786989579785,SVM (RBF),,,
0.2864321231842041,0.004331933151261576,0.30498552322387695,0.001954338357611242,50,False,100.0,scale,rbf,"{'pca__n_components': 50, 'pca__whiten': False, 'svc__C': 100, 'svc__gamma': 'scale', 'svc__kernel': 'rbf'}",0.9741666666666666,0.975,0.9741666666666666,0.9833333333333333,0.9791666666666666,0.9771666666666666,0.003597838857487145,9,1.0,1.0,1.0,1.0,1.0,1.0,0.0,0.974187578063746,0.9747211013126618,0.9741708191611914,0.9833018992133241,0.979109844655416,0.9770982484812679,0.003611771724178631,11,1.0,1.0,1.0,1.0,1.0,1.0,0.0,0.9759382701373549,0.9762256844350666,0.9758955730085759,0.9836730715678085,0.9797697526644896,0.9783004703626592,0.003055876045440468,14,1.0,1.0,1.0,1.0,1.0,1.0,0.0,0.9741666666666667,0.975,0.9741666666666667,0.9833333333333335,0.9791666666666667,0.9771666666666666,0.0035978388574871966,9,1.0,1.0,1.0,1.0,1.0,1.0,0.0,SVM (RBF),,,
0.18170413970947266,0.003003079520692304,0.30861401557922363,0.0017260822986064812,50,False,100.0,0.01,rbf,"{'pca__n_components': 50, 'pca__whiten': False, 'svc__C': 100, 'svc__gamma': 0.01, 'svc__kernel': 'rbf'}",0.9683333333333334,0.965,0.9691666666666666,0.9758333333333333,0.9733333333333334,0.9703333333333333,0.0038224483137265855,22,0.9866666666666667,0.9875,0.9852083333333334,0.9858333333333333,0.9852083333333334,0.9860833333333334,0.0008878031563609478,0.96833161171378,0.9650662433294461,0.9689915847134404,0.9759488294591439,0.9733433951270624,0.9703363328685745,0.003850808737530914,27,0.9867378158794544,0.9875462864283092,0.9853108759439133,0.9858689914295711,0.9852549854741081,0.9861437910310713,0.0008808060559804239,0.9704383901123032,0.9669340044225628,0.9703388081534534,0.9773038051871004,0.9754708053621097,0.9720971626475059,0.003768079919720624,26,0.9870713179336474,0.9878477580297279,0.9858245448772965,0.9861667872272969,0.9855937958133079,0.9865008407762554,0.0008403961870614215,0.9683333333333334,0.9650000000000001,0.9691666666666666,0.9758333333333334,0.9733333333333334,0.9703333333333335,0.0038224483137265864,22,0.9866666666666666,0.9875000000000002,0.9852083333333332,0.9858333333333333,0.9852083333333334,0.9860833333333332,0.0008878031563609904,SVM (RBF),,,
0.5590595245361328,0.003107237623313898,0.3959052085876465,0.002297236530471587,50,True,1.0,scale,rbf,"{'pca__n_components': 50, 'pca__whiten': True, 'svc__C': 1, 'svc__gamma': 'scale', 'svc__kernel': 'rbf'}",0.9683333333333334,0.9675,0.9633333333333334,0.975,0.9658333333333333,0.968,0.003894440481849291,32,0.9975,0.9972916666666667,0.9975,0.9975,0.9977083333333333,0.9974999999999999,0.00013176156917366796,0.9701401219701453,0.9682890481560847,0.9657458834965454,0.9767766084582516,0.9674109658064357,0.9696725255774925,0.0038244952704530543,29,0.9975075626079005,0.9972979096614761,0.9975037357912695,0.9975023694358954,0.9977170557427919,0.9975057266478669,0.0001325643174657634,0.9768419312169312,0.9727627707116872,0.974505772005772,0.9818781768781768,0.9734397491053838,0.9758856799835902,0.0033004157817355098,23,0.9975481223297284,0.9973426051390143,0.9975383920505873,0.9975431664931329,0.9977734851091896,0.9975491542243304,0.00013648414754958207,0.9683333333333335,0.9674999999999999,0.9633333333333333,0.975,0.9658333333333334,0.9680000000000002,0.00389444048184931,32,0.9975,0.9972916666666666,0.9975,0.9975,0.9977083333333333,0.9974999999999999,0.00013176156917370308,SVM (RBF),,,
0.42833795547485354,0.0011335819344071981,0.4008297920227051,0.0035291861960267488,50,True,1.0,0.01,rbf,"{'pca__n_components': 50, 'pca__whiten': True, 'svc__C': 1, 'svc__gamma': 0.01, 'svc__kernel': 'rbf'}",0.975,0.9716666666666667,0.9708333333333333,0.9866666666666667,0.9733333333333334,0.9755,0.0057638721552635335,16,0.9925,0.993125,0.9920833333333333,0.991875,0.9939583333333334,0.9927083333333334,0.0007569125885244056,0.9753097699130552,0.9716042173259237,0.9715800142271809,0.9867198428427045,0.9733644808125359,0.97571566502428,0.005670843979342812,16,0.9925340276479218,0.9931393095636945,0.9921204053898964,0.9918974490121807,0.9939816522490086,0.9927345687725404,0.0007532881522674673,0.9779025942947736,0.9729781359415226,0.9756320595113699,0.9877544074283205,0.9747618702844844,0.9778058134920942,0.005220750041590744,18,0.9927404293305476,0.9933603781096049,0.9923445309546827,0.9920920887235286,0.9941214413442375,0.9929317736925203,0.0007328776723354475,0.9750000000000001,0.9716666666666668,0.9708333333333333,0.9866666666666666,0.9733333333333334,0.9755,0.005763872155263474,16,0.9924999999999998,0.9931249999999998,0.9920833333333333,0.991875,0.9939583333333333,0.9927083333333332,0.0007569125885243567,SVM (RBF),,,
0.5585278034210205,0.0038881455287345336,0.39780511856079104,0.01469263360737629,50,True,10.0,scale,rbf,"{'pca__n_components': 50, 'pca__whiten': True, 'svc__C': 10, 'svc__gamma': 'scale', 'svc__kernel': 'rbf'}",0.9733333333333334,0.9683333333333334,0.9616666666666667,0.9741666666666666,0.9708333333333333,0.9696666666666667,0.004490731195102488,26,1.0,1.0,1.0,1.0,1.0,1.0,0.0,0.9751475827734983,0.9691871172601874,0.9640568814416898,0.9757597942001023,0.9719683604086686,0.9712239472168293,0.0042904191621532485,21,1.0,1.0,1.0,1.0,1.0,1.0,0.0,0.9815244708994708,0.9737566063107859,0.9727916381863752,0.9807527657527656,0.977131465026202,0.9771913892351198,0.0035388736442380614,20,1.0,1.0,1.0,1.0,1.0,1.0,0.0,0.9733333333333334,0.9683333333333335,0.9616666666666667,0.9741666666666667,0.9708333333333334,0.9696666666666667,0.00449073119510251,26,1.0,1.0,1.0,1.0,1.0,1.0,0.0,SVM (RBF),,,
0.4164577007293701,0.01194061976141799,0.3738266468048096,0.010616986206740953,50,True,10.0,0.01,rbf,"{'pca__n_components': 50, 'pca__whiten': True, 'svc__C': 10, 'svc__gamma': 0.01, 'svc__kernel': 'rbf'}",0.98,0.9775,0.9733333333333334,0.9833333333333333,0.9808333333333333,0.9789999999999999,0.0033911649915625997,5,1.0,1.0,1.0,1.0,1.0,1.0,0.0,0.9802723632513278,0.9774920504250743,0.9740001510370392,0.9833718730410972,0.9808834312171925,0.9792039737943462,0.003204492793243141,5,1.0,1.0,1.0,1.0,1.0,1.0,0.0,0.9821268122470617,0.978954096374005,0.9776582217549235,0.9843833893032977,0.9815728715728717,0.9809390782504319,0.0023824297280329696,5,1.0,1.0,1.0,1.0,1.0,1.0,0.0,0.9800000000000002,0.9775000000000001,0.9733333333333333,0.9833333333333335,0.9808333333333334,0.9790000000000001,0.003391164991562709,5,1.0,1.0,1.0,1.0,1.0,1.0,0.0,SVM (RBF),,,
0.5589763164520264,0.008151409436956594,0.3877756118774414,0.005899716932030389,50,True,100.0,scale,rbf,"{'pca__n_components': 50, 'pca__whiten': True, 'svc__C': 100, 'svc__gamma': 'scale', 'svc__kernel': 'rbf'}",0.9733333333333334,0.9683333333333334,0.9616666666666667,0.9741666666666666,0.9708333333333333,0.9696666666666667,0.004490731195102488,26,1.0,1.0,1.0,1.0,1.0,1.0,0.0,0.9751475827734983,0.9691871172601874,0.9640568814416898,0.9757597942001023,0.9719683604086686,0.9712239472168293,0.0042904191621532485,21,1.0,1.0,1.0,1.0,1.0,1.0,0.0,0.9815244708994708,0.9737566063107859,0.9727916381863752,0.9807527657527656,0.977131465026202,0.9771913892351198,0.0035388736442380614,20,1.0,1.0,1.0,1.0,1.0,1.0,0.0,0.9733333333333334,0.9683333333333335,0.9616666666666667,0.9741666666666667,0.9708333333333334,0.9696666666666667,0.00449073119510251,26,1.0,1.0,1.0,1.0,1.0,1.0,0.0,SVM (RBF),,,
0.4087206363677979,0.0036297308744196663,0.36797423362731935,0.004529016825661645,50,True,100.0,0.01,rbf,"{'pca__n_components': 50, 'pca__whiten': True, 'svc__C': 100, 'svc__gamma': 0.01, 'svc__kernel': 'rbf'}",0.9791666666666666,0.9775,0.9733333333333334,0.9833333333333333,0.9808333333333333,0.9788333333333332,0.003358240279934947,6,1.0,1.0,1.0,1.0,1.0,1.0,0.0,0.9794045762831439,0.9774989628616073,0.9740001510370392,0.9833718730410972,0.9808834312171925,0.979031798888016,0.0031645162443289547,6,1.0,1.0,1.0,1.0,1.0,1.0,0.0,0.9811695112211107,0.9787675628465102,0.9776582217549235,0.9843833893032977,0.9815728715728717,0.9807103113397428,0.002346738117255376,8,1.0,1.0,1.0,1.0,1.0,1.0,0.0,0.9791666666666669,0.9775000000000001,0.9733333333333333,0.9833333333333335,0.9808333333333334,0.9788333333333334,0.003358240279935052,6,1.0,1.0,1.0,1.0,1.0,1.0,0.0,SVM (RBF),,,
0.33609733581542967,0.0034276596876082438,0.3652373790740967,0.004002755112357426,57,False,1.0,scale,rbf,"{'pca__n_components': 57, 'pca__whiten': False, 'svc__C': 1, 'svc__gamma': 'scale', 'svc__kernel': 'rbf'}",0.9641666666666666,0.96,0.9633333333333334,0.9733333333333334,0.975,0.9671666666666667,0.0059066817155564635,33,0.984375,0.9858333333333333,0.9854166666666667,0.985,0.9860416666666667,0.9853333333333334,0.0005980291706003182,0.9643050691315362,0.9600211104798082,0.9631792231498922,0.9733982419346034,0.9750435982556024,0.9671894485902885,0.005933353284081394,33,0.9844669254513758,0.9858958968502637,0.9854832053949257,0.9850541000946714,0.9861157246527927,0.9854031704888058,0.0005925070801706373,0.966554452412576,0.9624128362495405,0.9647209949555487,0.9752641581445928,0.9762913349469414,0.9690487553418399,0.0056581387505138005,33,0.9848746672547312,0.9862343357504079,0.9858761156723663,0.9853346613014485,0.9864974443199261,0.9857634448597761,0.0005910954443254892,0.9641666666666668,0.9600000000000002,0.9633333333333334,0.9733333333333333,0.9750000000000002,0.9671666666666667,0.005906681715556423,33,0.984375,0.9858333333333333,0.9854166666666668,0.9849999999999999,0.9860416666666666,0.9853333333333334,0.0005980291706003073,SVM (RBF),,,
1.0393503189086915,0.007896570781354037,0.5761167049407959,0.01024661737030293,57,False,1.0,0.01,rbf,"{'pca__n_components': 57, 'pca__whiten': False, 'svc__C': 1, 'svc__gamma': 0.01, 'svc__kernel': 'rbf'}",0.8341666666666666,0.8316666666666667,0.8275,0.8283333333333334,0.8383333333333334,0.8320000000000001,0.003965125751123438,45,0.843125,0.8366666666666667,0.8447916666666667,0.8397916666666667,0.8420833333333333,0.8412916666666665,0.002824127200471764,0.8301334745170573,0.8311064082658518,0.8247017219762299,0.8271932150739665,0.8338366798665768,0.8293942999399364,0.003164727347510809,45,0.8416108467636843,0.8353857818855279,0.8414954511010228,0.8368807171306443,0.8405278152223803,0.8391801224206519,0.002560067514812388,0.855498993211359,0.8542644039014091,0.8509165920884706,0.852495071743353,0.855023208168377,0.8536396538225937,0.0017021640106226108,45,0.8630786152230665,0.8580750597751352,0.8631225611559946,0.8573446469694569,0.8586400985410414,0.8600521963329388,0.002522707440150626,0.8341666666666666,0.8316666666666668,0.8275000000000001,0.8283333333333333,0.8383333333333333,0.8320000000000001,0.003965125751123396,45,0.8431249999999999,0.8366666666666666,0.8447916666666667,0.8397916666666666,0.8420833333333334,0.8412916666666665,0.0028241272004718033,SVM (RBF),,,
0.32921643257141114,0.006139732028165352,0.331006383895874,0.010592139161195375,57,False,10.0,scale,rbf,"{'pca__n_components': 57, 'pca__whiten': False, 'svc__C': 10, 'svc__gamma': 'scale', 'svc__kernel': 'rbf'}",0.9758333333333333,0.9741666666666666,0.9716666666666667,0.9841666666666666,0.98,0.9771666666666668,0.004428443418528798,7,0.9997916666666666,0.9997916666666666,1.0,0.9997916666666666,0.9995833333333334,0.9997916666666666,0.00013176156917366796,0.975834283946652,0.9740053579811617,0.9716979839957175,0.9841352325466575,0.9799645455101167,0.977127480796061,0.004428475251309511,9,0.9997916585283279,0.9997916585283279,1.0,0.9997916585283279,0.9995833170566558,0.999791658528328,0.00013176671631105134,0.9775369638413116,0.975578315023395,0.973558767302205,0.9845064049011417,0.9806469456469458,0.9783654793429998,0.00385941080298065,12,0.9997942386831277,0.9997942386831277,1.0,0.9997942386831277,0.9995884773662552,0.9997942386831277,0.00013013488313447601,0.9758333333333334,0.9741666666666667,0.9716666666666666,0.9841666666666667,0.9800000000000002,0.9771666666666668,0.004428443418528868,7,0.9997916666666666,0.9997916666666666,1.0,0.9997916666666666,0.9995833333333334,0.9997916666666666,0.00013176156917366796,SVM (RBF),,,
0.3424227714538574,0.0031669461146652477,0.4898381233215332,0.004293094936738405,57,False,10.0,0.01,rbf,"{'pca__n_components': 57, 'pca__whiten': False, 'svc__C': 10, 'svc__gamma': 0.01, 'svc__kernel': 'rbf'}",0.935,0.93,0.9283333333333333,0.9433333333333334,0.9416666666666667,0.9356666666666668,0.006018490028422587,41,0.9460416666666667,0.945625,0.9454166666666667,0.9425,0.9416666666666667,0.9442499999999999,0.0017998842555379448,0.9347241633794764,0.930310552945141,0.9281004739666611,0.9431481169139764,0.9417708871809984,0.9356108388772508,0.006000692639989191,41,0.9462785720072736,0.9458448249643158,0.9456715820756026,0.9426398388133598,0.941813557857541,0.9444496751436185,0.001844396117909125,0.9416224864057302,0.9343428817281176,0.9332768056166224,0.9475598767174855,0.9456497825883006,0.9404903666112512,0.005791481230342003,41,0.9485181812400366,0.9480463789768323,0.948248094149173,0.9446500957117402,0.9441632796091926,0.946725205937395,0.0019052031965827276,0.935,0.9300000000000002,0.9283333333333333,0.9433333333333336,0.9416666666666667,0.9356666666666668,0.0060184900284226215,41,0.9460416666666666,0.9456249999999999,0.9454166666666667,0.9425,0.9416666666666667,0.9442499999999999,0.0017998842555379058,SVM (RBF),,,
0.3242014408111572,0.005307407172794733,0.327311372756958,0.006566107625348198,57,False,100.0,scale,rbf,"{'pca__n_components': 57, 'pca__whiten': False, 'svc__C': 100, 'svc__gamma': 'scale', 'svc__kernel': 'rbf'}",0.9741666666666666,0.975,0.9741666666666666,0.9833333333333333,0.9791666666666666,0.9771666666666666,0.003597838857487145,9,1.0,1.0,1.0,1.0,1.0,1.0,0.0,0.974187578063746,0.9747211013126618,0.9741708191611914,0.9833018992133241,0.979109844655416,0.9770982484812679,0.003611771724178631,11,1.0,1.0,1.0,1.0,1.0,1.0,0.0,0.9759382701373549,0.9762256844350666,0.9758955730085759,0.9836730715678085,0.9797697526644896,0.9783004703626592,0.003055876045440468,14,1.0,1.0,1.0,1.0,1.0,1.0,0.0,0.9741666666666667,0.975,0.9741666666666667,0.9833333333333335,0.9791666666666667,0.9771666666666666,0.0035978388574871966,9,1.0,1.0,1.0,1.0,1.0,1.0,0.0,SVM (RBF),,,
0.20615262985229493,0.0015165627247167332,0.33173251152038574,0.0035175928725856443,57,False,100.0,0.01,rbf,"{'pca__n_components': 57, 'pca__whiten': False, 'svc__C': 100, 'svc__gamma': 0.01, 'svc__kernel': 'rbf'}",0.9683333333333334,0.965,0.9691666666666666,0.9758333333333333,0.9733333333333334,0.9703333333333333,0.0038224483137265855,22,0.9866666666666667,0.9875,0.9852083333333334,0.9858333333333333,0.9852083333333334,0.9860833333333334,0.0008878031563609478,0.96833161171378,0.9650662433294461,0.9689915847134404,0.9759488294591439,0.9733433951270624,0.9703363328685745,0.003850808737530914,27,0.9867378158794544,0.9875462864283092,0.9853108759439133,0.9858689914295711,0.9852549854741081,0.9861437910310713,0.0008808060559804239,0.9704383901123032,0.9669340044225628,0.9703388081534534,0.9773038051871004,0.9754708053621097,0.9720971626475059,0.003768079919720624,26,0.9870713179336474,0.9878477580297279,0.9858245448772965,0.9861667872272969,0.9855937958133079,0.9865008407762554,0.0008403961870614215,0.9683333333333334,0.9650000000000001,0.9691666666666666,0.9758333333333334,0.9733333333333334,0.9703333333333335,0.0038224483137265864,22,0.9866666666666666,0.9875000000000002,0.9852083333333332,0.9858333333333333,0.9852083333333334,0.9860833333333332,0.0008878031563609904,SVM (RBF),,,
0.6766918659210205,0.004338950056136776,0.4267284870147705,0.0029899043907335664,57,True,1.0,scale,rbf,"{'pca__n_components': 57, 'pca__whiten': True, 'svc__C': 1, 'svc__gamma': 'scale', 'svc__kernel': 'rbf'}",0.9641666666666666,0.9616666666666667,0.9658333333333333,0.9783333333333334,0.9716666666666667,0.9683333333333334,0.005986094998689351,30,0.9979166666666667,0.998125,0.9983333333333333,0.999375,0.9983333333333333,0.9984166666666667,0.0005034602488997754,0.9669045882484114,0.9637630463804254,0.9685859035970417,0.9799762820747535,0.9727004050276372,0.9703860450656538,0.005595606676424193,25,0.9979203144245836,0.9981274185749787,0.9983345055479005,0.9993762536055856,0.9983358324061656,0.9984188649118428,0.0005028116080219634,0.9750839377484115,0.9711582517488918,0.9780634034581404,0.9847295472981972,0.9775527655067298,0.977317581152074,0.004437911812909459,19,0.9979621542478253,0.9981604504437502,0.9983613745859681,0.9993877346180869,0.9983613745859681,0.9984466176963197,0.0004933214703480327,0.9641666666666668,0.9616666666666667,0.9658333333333334,0.9783333333333334,0.9716666666666669,0.9683333333333335,0.005986094998689335,30,0.9979166666666666,0.9981249999999998,0.9983333333333332,0.999375,0.9983333333333332,0.9984166666666665,0.0005034602488998305,SVM (RBF),,,
0.5320248603820801,0.0012487698147916925,0.4299753189086914,0.007532467128918385,57,True,1.0,0.01,rbf,"{'pca__n_components': 57, 'pca__whiten': True, 'svc__C': 1, 'svc__gamma': 0.01, 'svc__kernel': 'rbf'}",0.9741666666666666,0.9708333333333333,0.9733333333333334,0.9883333333333333,0.9775,0.9768333333333332,0.006132789830991349,13,0.9958333333333333,0.9947916666666666,0.995,0.9945833333333334,0.9954166666666666,0.995125,0.0004487637339278692,0.9745085716775611,0.9707144382080197,0.9740912724344458,0.9884230121743929,0.9776234973471294,0.9770721583683096,0.0060831590494559214,13,0.9958326580039305,0.9948020404393303,0.9950055238707258,0.9945875942884519,0.9954259294458787,0.9951307492096635,0.0004468904646473984,0.9773946042421807,0.9721507683349789,0.9788799485538616,0.9894326285630634,0.9790178825153251,0.9793751664418819,0.0056149798132085794,9,0.9959112357759384,0.9949465533547832,0.9951016892028729,0.9946960787587344,0.9955399898734503,0.995239109393156,0.00043396740708500264,0.9741666666666667,0.9708333333333333,0.9733333333333334,0.9883333333333334,0.9775000000000001,0.9768333333333334,0.006132789830991383,12,0.9958333333333332,0.9947916666666665,0.9949999999999999,0.9945833333333334,0.9954166666666666,0.995125,0.0004487637339278568,SVM (RBF),,,
0.6751182556152344,0.013888430607819783,0.42079458236694334,0.0035166858175048224,57,True,10.0,scale,rbf,"{'pca__n_components': 57, 'pca__whiten': True, 'svc__C': 10, 'svc__gamma': 'scale', 'svc__kernel': 'rbf'}",0.97,0.9675,0.965,0.975,0.9741666666666666,0.9703333333333333,0.0038224483137265634,22,1.0,1.0,1.0,1.0,1.0,1.0,0.0,0.9727213267801691,0.9692365353730359,0.9677648481963971,0.976429556423138,0.9750776676308405,0.9722459868807161,0.003313126025133853,19,1.0,1.0,1.0,1.0,1.0,1.0,0.0,0.9807188583833321,0.9754963262858,0.9771579200526569,0.9810533910533911,0.9792634289228718,0.9787379849396103,0.002124429915348005,10,1.0,1.0,1.0,1.0,1.0,1.0,0.0,0.9700000000000001,0.9675,0.965,0.975,0.9741666666666667,0.9703333333333333,0.0038224483137265833,24,1.0,1.0,1.0,1.0,1.0,1.0,0.0,SVM (RBF),,,
0.5199695587158203,0.012358652832086021,0.40783276557922366,0.008010187095734088,57,True,10.0,0.01,rbf,"{'pca__n_components': 57, 'pca__whiten': True, 'svc__C': 10, 'svc__gamma': 0.01, 'svc__kernel': 'rbf'}",0.9766666666666667,0.9825,0.975,0.9841666666666666,0.9841666666666666,0.9804999999999999,0.0038944404818493025,3,1.0,1.0,1.0,1.0,1.0,1.0,0.0,0.9768016241535405,0.9825484063577772,0.9759270170784269,0.9841910918708093,0.9842063529031765,0.9807348984727462,0.003629640474989315,3,1.0,1.0,1.0,1.0,1.0,1.0,0.0,0.9792356652279787,0.9836357940305309,0.9801421042725391,0.9854106858054226,0.9850735617039966,0.9826995622080936,0.0025456538717141433,2,1.0,1.0,1.0,1.0,1.0,1.0,0.0,0.9766666666666668,0.9825,0.975,0.9841666666666669,0.9841666666666669,0.9805000000000001,0.003894440481849364,3,1.0,1.0,1.0,1.0,1.0,1.0,0.0,SVM (RBF),,,
0.6680826663970947,0.003445637082228395,0.4148591995239258,0.003818099413940697,57,True,100.0,scale,rbf,"{'pca__n_components': 57, 'pca__whiten': True, 'svc__C': 100, 'svc__gamma': 'scale', 'svc__kernel': 'rbf'}",0.97,0.9675,0.965,0.975,0.9741666666666666,0.9703333333333333,0.0038224483137265634,22,1.0,1.0,1.0,1.0,1.0,1.0,0.0,0.9727213267801691,0.9692365353730359,0.9677648481963971,0.976429556423138,0.9750776676308405,0.9722459868807161,0.003313126025133853,19,1.0,1.0,1.0,1.0,1.0,1.0,0.0,0.9807188583833321,0.9754963262858,0.9771579200526569,0.9810533910533911,0.9792634289228718,0.9787379849396103,0.002124429915348005,10,1.0,1.0,1.0,1.0,1.0,1.0,0.0,0.9700000000000001,0.9675,0.965,0.975,0.9741666666666667,0.9703333333333333,0.0038224483137265833,24,1.0,1.0,1.0,1.0,1.0,1.0,0.0,SVM (RBF),,,
0.5066373825073243,0.0029710695611379406,0.4038792610168457,0.005456356678553285,57,True,100.0,0.01,rbf,"{'pca__n_components': 57, 'pca__whiten': True, 'svc__C': 100, 'svc__gamma': 0.01, 'svc__kernel': 'rbf'}",0.9766666666666667,0.9816666666666667,0.975,0.9841666666666666,0.9833333333333333,0.9801666666666667,0.0036666666666666553,4,1.0,1.0,1.0,1.0,1.0,1.0,0.0,0.9768016241535405,0.9816695676098756,0.9759270170784269,0.9841910918708093,0.9833724984107853,0.9803923598246875,0.003399279905472822,4,1.0,1.0,1.0,1.0,1.0,1.0,0.0,0.9792356652279787,0.9827934102934103,0.9801421042725391,0.9854106858054226,0.9842799109103457,0.9823723553019393,0.002360523341448928,4,1.0,1.0,1.0,1.0,1.0,1.0,0.0,0.9766666666666668,0.9816666666666668,0.975,0.9841666666666669,0.9833333333333336,0.9801666666666667,0.0036666666666667494,4,1.0,1.0,1.0,1.0,1.0,1.0,0.0,SVM (RBF),,,
0.020111227035522462,0.0023453455022639036,0.024441242218017578,0.0006954433654887625,15,,,,,"{'knn__n_neighbors': 1, 'knn__weights': 'uniform', 'pca__n_components': 15}",0.9141666666666667,0.9241666666666667,0.92,0.9283333333333333,0.9225,0.9218333333333334,0.004696334267868454,23,1.0,1.0,1.0,1.0,1.0,1.0,0.0,0.9139352574483333,0.9236965273250868,0.9185484489484718,0.9276082333102365,0.9214127211459064,0.921040237635607,0.004626509275570952,23,1.0,1.0,1.0,1.0,1.0,1.0,0.0,0.917224191692256,0.9282427852679569,0.9225155108049845,0.9297518953840463,0.9240047774784954,0.9243478321255477,0.004440628347855769,23,1.0,1.0,1.0,1.0,1.0,1.0,0.0,0.9141666666666666,0.9241666666666666,0.92,0.9283333333333332,0.9225000000000001,0.9218333333333334,0.004696334267868451,23,1.0,1.0,1.0,1.0,1.0,1.0,0.0,KNN,1.0,uniform,
0.016843652725219725,0.003851368217133262,0.060844039916992186,0.04823035588740235,30,,,,,"{'knn__n_neighbors': 1, 'knn__weights': 'uniform', 'pca__n_components': 30}",0.935,0.925,0.9325,0.945,0.9425,0.9359999999999999,0.007176350047203636,13,1.0,1.0,1.0,1.0,1.0,1.0,0.0,0.9345178870742353,0.9242321159284305,0.9316412736031527,0.9437692041376698,0.942059113008825,0.9352439187504628,0.007125915227620682,13,1.0,1.0,1.0,1.0,1.0,1.0,0.0,0.9380152335244709,0.9287513383906741,0.9348720788186902,0.9461913004890693,0.943540646304982,0.9382741195055774,0.006208740970648085,13,1.0,1.0,1.0,1.0,1.0,1.0,0.0,0.935,0.9250000000000002,0.9325,0.9450000000000001,0.9425000000000002,0.9360000000000002,0.0071763500472036695,13,1.0,1.0,1.0,1.0,1.0,1.0,0.0,KNN,1.0,uniform,
0.019932937622070313,0.0014407095227515858,0.0244168758392334,0.0013635629439689486,57,,,,,"{'knn__n_neighbors': 1, 'knn__weights': 'uniform', 'pca__n_components': 57}",0.9391666666666667,0.9366666666666666,0.9325,0.9533333333333334,0.9441666666666667,0.9411666666666667,0.007160850352980294,6,1.0,1.0,1.0,1.0,1.0,1.0,0.0,0.9386168171841514,0.9362324652628077,0.9314548516529686,0.9521193909762289,0.9436568414839605,0.9404160733120234,0.007050015818980905,7,1.0,1.0,1.0,1.0,1.0,1.0,0.0,0.9416706684997,0.9402620248744391,0.9346381863264687,0.9538206088667119,0.9453504850730251,0.943148394728069,0.006351122881585917,7,1.0,1.0,1.0,1.0,1.0,1.0,0.0,0.9391666666666666,0.9366666666666669,0.9325,0.9533333333333334,0.9441666666666667,0.9411666666666667,0.0071608503529802725,6,1.0,1.0,1.0,1.0,1.0,1.0,0.0,KNN,1.0,uniform,
0.023346662521362305,0.005320587154220251,0.03261122703552246,0.006045632528372512,15,,,,,"{'knn__n_neighbors': 1, 'knn__weights': 'distance', 'pca__n_components': 15}",0.9141666666666667,0.9241666666666667,0.92,0.9283333333333333,0.9225,0.9218333333333334,0.004696334267868454,23,1.0,1.0,1.0,1.0,1.0,1.0,0.0,0.9139352574483333,0.9236965273250868,0.9185484489484718,0.9276082333102365,0.9214127211459064,0.921040237635607,0.004626509275570952,23,1.0,1.0,1.0,1.0,1.0,1.0,0.0,0.917224191692256,0.9282427852679569,0.9225155108049845,0.9297518953840463,0.9240047774784954,0.9243478321255477,0.004440628347855769,23,1.0,1.0,1.0,1.0,1.0,1.0,0.0,0.9141666666666666,0.9241666666666666,0.92,0.9283333333333332,0.9225000000000001,0.9218333333333334,0.004696334267868451,23,1.0,1.0,1.0,1.0,1.0,1.0,0.0,KNN,1.0,distance,
0.018421268463134764,0.002770893622576198,0.027521228790283202,0.011939760270420248,30,,,,,"{'knn__n_neighbors': 1, 'knn__weights': 'distance', 'pca__n_components': 30}",0.935,0.925,0.9325,0.945,0.9425,0.9359999999999999,0.007176350047203636,13,1.0,1.0,1.0,1.0,1.0,1.0,0.0,0.9345178870742353,0.9242321159284305,0.9316412736031527,0.9437692041376698,0.942059113008825,0.9352439187504628,0.007125915227620682,13,1.0,1.0,1.0,1.0,1.0,1.0,0.0,0.9380152335244709,0.9287513383906741,0.9348720788186902,0.9461913004890693,0.943540646304982,0.9382741195055774,0.006208740970648085,13,1.0,1.0,1.0,1.0,1.0,1.0,0.0,0.935,0.9250000000000002,0.9325,0.9450000000000001,0.9425000000000002,0.9360000000000002,0.0071763500472036695,13,1.0,1.0,1.0,1.0,1.0,1.0,0.0,KNN,1.0,distance,
0.021471500396728516,0.0025953679224879297,0.02348637580871582,0.0016476348501493219,57,,,,,"{'knn__n_neighbors': 1, 'knn__weights': 'distance', 'pca__n_components': 57}",0.9391666666666667,0.9366666666666666,0.9325,0.9533333333333334,0.9441666666666667,0.9411666666666667,0.007160850352980294,6,1.0,1.0,1.0,1.0,1.0,1.0,0.0,0.9386168171841514,0.9362324652628077,0.9314548516529686,0.9521193909762289,0.9436568414839605,0.9404160733120234,0.007050015818980905,7,1.0,1.0,1.0,1.0,1.0,1.0,0.0,0.9416706684997,0.9402620248744391,0.9346381863264687,0.9538206088667119,0.9453504850730251,0.943148394728069,0.006351122881585917,7,1.0,1.0,1.0,1.0,1.0,1.0,0.0,0.9391666666666666,0.9366666666666669,0.9325,0.9533333333333334,0.9441666666666667,0.9411666666666667,0.0071608503529802725,6,1.0,1.0,1.0,1.0,1.0,1.0,0.0,KNN,1.0,distance,
0.020244121551513672,0.005415606271527489,0.03424549102783203,0.006076990838937313,15,,,,,"{'knn__n_neighbors': 3, 'knn__weights': 'uniform', 'pca__n_components': 15}",0.9125,0.9216666666666666,0.9191666666666667,0.9391666666666667,0.9233333333333333,0.9231666666666666,0.008809716857601693,22,0.9616666666666667,0.9627083333333334,0.965,0.95875,0.9583333333333334,0.9612916666666665,0.0024944382578492843,0.9123498343905548,0.9206178757035541,0.9176480815781746,0.9381446913049987,0.9225671021365314,0.9222655170227627,0.00865557997514715,22,0.9614084036532071,0.9625208599626395,0.96487141353968,0.958395147699474,0.9578478095963596,0.9610087268902721,0.0026149122516986763,0.917840639722314,0.9263229287451256,0.9215132866726956,0.9418361648876691,0.9264639742732351,0.9267953988602079,0.008181028460266918,22,0.9624402601525315,0.9631393649467204,0.9655183964315265,0.9591696766737137,0.958757042268135,0.9618049480945254,0.002538045456091668,0.9125,0.9216666666666667,0.9191666666666667,0.9391666666666667,0.9233333333333335,0.9231666666666667,0.00880971685760169,22,0.9616666666666667,0.9627083333333334,0.965,0.9587500000000001,0.9583333333333333,0.9612916666666667,0.0024944382578492882,KNN,3.0,uniform,
0.015860366821289062,0.003887623696510635,0.021026039123535158,0.003156425888619088,30,,,,,"{'knn__n_neighbors': 3, 'knn__weights': 'uniform', 'pca__n_components': 30}",0.9266666666666666,0.93,0.93,0.9483333333333334,0.9316666666666666,0.9333333333333332,0.007673909622147567,16,0.9725,0.96875,0.971875,0.9702083333333333,0.9647916666666667,0.969625,0.0027493686143872675,0.9263055534905827,0.9290411606344992,0.9287374220761876,0.9477081409793372,0.9309213667229961,0.9325427287807205,0.0077234996766269185,16,0.9723152969172012,0.9686011697410772,0.9718331357725505,0.970006176656206,0.9643763245209193,0.9694264207215907,0.0028516139560142988,0.9315769457823401,0.9331394903499157,0.9327221282267385,0.9505059456604079,0.9338076291669473,0.9363504278372698,0.007114848114460186,16,0.9729292324070048,0.9691201470899032,0.9724196164531355,0.9704321170051827,0.9651702430038235,0.9700142711918099,0.00278285273888657,0.9266666666666669,0.93,0.93,0.9483333333333336,0.9316666666666668,0.9333333333333336,0.007673909622147611,16,0.9725,0.96875,0.9718749999999999,0.9702083333333333,0.9647916666666667,0.969625,0.0027493686143872493,KNN,3.0,uniform,
0.021395063400268553,0.0013356061935979242,0.024918222427368165,0.0011610058663343251,57,,,,,"{'knn__n_neighbors': 3, 'knn__weights': 'uniform', 'pca__n_components': 57}",0.9333333333333333,0.9425,0.935,0.9516666666666667,0.935,0.9395,0.006863753427324648,9,0.9764583333333333,0.9710416666666667,0.9745833333333334,0.9708333333333333,0.9672916666666667,0.9720416666666665,0.0031934177093932868,0.9330029858028591,0.942114189468948,0.9336138549068626,0.9512792724051843,0.93440108958939,0.9388822784346488,0.007021881944668929,9,0.9763415762200899,0.970890236932823,0.9744630995009272,0.9706365792669432,0.9669621166610958,0.9718587217163759,0.0032645705431559304,0.9377528011802139,0.945928242873323,0.9367209214199052,0.9534976262507726,0.9371148827466634,0.9422028948941756,0.0065907876438603494,9,0.9768399832333657,0.9712964335651281,0.9748972008026994,0.9711148853463055,0.9677392515290052,0.9723775508953008,0.0031792734393020963,0.9333333333333333,0.9425000000000001,0.9350000000000002,0.9516666666666668,0.935,0.9395,0.006863753427324684,9,0.9764583333333333,0.9710416666666667,0.9745833333333332,0.9708333333333333,0.9672916666666665,0.9720416666666665,0.003193417709393302,KNN,3.0,uniform,
0.02230825424194336,0.006163530715320386,0.03745889663696289,0.008073355136104455,15,,,,,"{'knn__n_neighbors': 3, 'knn__weights': 'distance', 'pca__n_components': 15}",0.9225,0.9275,0.9266666666666666,0.9408333333333333,0.925,0.9285,0.006398784606817475,19,1.0,1.0,1.0,1.0,1.0,1.0,0.0,0.922311503065078,0.9267056206567099,0.9254479273784221,0.939826422001617,0.9243053234794286,0.9277193593162512,0.006223641794221099,19,1.0,1.0,1.0,1.0,1.0,1.0,0.0,0.9253388374349808,0.9310647265917155,0.9294241320168093,0.9430600949854552,0.9275885390677084,0.9312952660193339,0.0061835969736001055,19,1.0,1.0,1.0,1.0,1.0,1.0,0.0,0.9224999999999999,0.9275000000000001,0.9266666666666666,0.9408333333333335,0.9250000000000002,0.9285,0.006398784606817566,19,1.0,1.0,1.0,1.0,1.0,1.0,0.0,KNN,3.0,distance,
0.017263126373291016,0.00240357529080062,0.022718238830566406,0.003294808166173294,30,,,,,"{'knn__n_neighbors': 3, 'knn__weights': 'distance', 'pca__n_components': 30}",0.9341666666666667,0.9308333333333333,0.9358333333333333,0.9533333333333334,0.9375,0.9383333333333332,0.007817359599705736,10,1.0,1.0,1.0,1.0,1.0,1.0,0.0,0.9337384891649452,0.9303783130116602,0.9345615717494878,0.9527073207363979,0.9368845813732669,0.9376540552071516,0.007810562450132321,10,1.0,1.0,1.0,1.0,1.0,1.0,0.0,0.937150939087236,0.9347377328902433,0.9384789981683911,0.95528820043955,0.9392274221537077,0.9409766585478255,0.007316812002560378,11,1.0,1.0,1.0,1.0,1.0,1.0,0.0,0.9341666666666666,0.9308333333333335,0.9358333333333333,0.9533333333333335,0.9375,0.9383333333333332,0.007817359599705746,10,1.0,1.0,1.0,1.0,1.0,1.0,0.0,KNN,3.0,distance,
0.01962170600891113,0.0005048238894307481,0.026821088790893555,0.0005895863527457334,57,,,,,"{'knn__n_neighbors': 3, 'knn__weights': 'distance', 'pca__n_components': 57}",0.94,0.9416666666666667,0.94,0.955,0.9408333333333333,0.9434999999999999,0.0057831171909658256,3,1.0,1.0,1.0,1.0,1.0,1.0,0.0,0.9396022223685895,0.941324046778766,0.939023794871464,0.9544411882762331,0.9405116107197636,0.9429805726029633,0.005783682261672157,3,1.0,1.0,1.0,1.0,1.0,1.0,0.0,0.9424648251645156,0.9451361020014271,0.942660891553071,0.9567368640704554,0.9428587412821495,0.9459714848143237,0.005468767994906553,3,1.0,1.0,1.0,1.0,1.0,1.0,0.0,0.94,0.9416666666666668,0.9400000000000001,0.9550000000000001,0.9408333333333334,0.9435,0.005783117190965839,3,1.0,1.0,1.0,1.0,1.0,1.0,0.0,KNN,3.0,distance,
0.021082448959350585,0.005181151553365584,0.03925156593322754,0.007776624638519592,15,,,,,"{'knn__n_neighbors': 5, 'knn__weights': 'uniform', 'pca__n_components': 15}",0.9216666666666666,0.925,0.9183333333333333,0.9408333333333333,0.9291666666666667,0.9269999999999999,0.0077924464850406315,20,0.9539583333333334,0.9525,0.955,0.9525,0.9477083333333334,0.9523333333333334,0.0024979157978869556,0.920287505549775,0.923869861243926,0.9174525379680892,0.9397832836400863,0.9287496585756878,0.9260285693955129,0.007845567414598659,20,0.95377541003419,0.9523429797437715,0.9548080351153362,0.9520480794880871,0.9471718574970972,0.9520292723756963,0.0026254052795222963,0.9251964132508284,0.9286391887988671,0.9225731464318307,0.9436150171762299,0.9319220692541631,0.9303891669823839,0.0073265298051795194,20,0.9549356896369061,0.9534127263598308,0.9559129670250994,0.9532670660837911,0.9487920206785372,0.953264093956833,0.002442633844055769,0.9216666666666666,0.9250000000000002,0.9183333333333333,0.9408333333333335,0.9291666666666667,0.9269999999999999,0.007792446485040704,20,0.9539583333333332,0.9525,0.9550000000000001,0.9525000000000001,0.9477083333333333,0.9523333333333334,0.002497915797887008,KNN,5.0,uniform,
0.015996408462524415,0.003542560768436338,0.02115912437438965,0.004972864782024611,30,,,,,"{'knn__n_neighbors': 5, 'knn__weights': 'uniform', 'pca__n_components': 30}",0.9316666666666666,0.9341666666666667,0.93,0.95,0.9416666666666667,0.9375,0.007416198487095638,12,0.963125,0.9591666666666666,0.9647916666666667,0.9583333333333334,0.95875,0.9608333333333334,0.0026187093937451284,0.9312531041404609,0.9336935048509221,0.9288590453152445,0.9498302054138397,0.9412760971455778,0.9369823913732089,0.007656794274519293,12,0.9629667918246757,0.9588713715415955,0.9646786012580046,0.9578747757745678,0.9583767927088794,0.9605536666215446,0.0027416641639242886,0.9352864593702862,0.9381024715146906,0.9331976028886785,0.9527226008344766,0.9443942676578292,0.9407406804531921,0.007078443453952304,12,0.9638290073374703,0.9598562837200881,0.9655777333192834,0.9589007685283661,0.9596499049557664,0.9615627395721947,0.002642467106938736,0.9316666666666668,0.9341666666666667,0.93,0.9500000000000001,0.9416666666666667,0.9375,0.007416198487095657,12,0.963125,0.9591666666666665,0.9647916666666667,0.9583333333333334,0.95875,0.9608333333333332,0.0026187093937451427,KNN,5.0,uniform,
0.0208341121673584,0.0015803253518796817,0.02473340034484863,0.0014255725206757989,57,,,,,"{'knn__n_neighbors': 5, 'knn__weights': 'uniform', 'pca__n_components': 57}",0.935,0.9366666666666666,0.9375,0.9541666666666667,0.9466666666666667,0.942,0.007314369419163905,4,0.9683333333333334,0.96125,0.9691666666666666,0.96125,0.9635416666666666,0.9647083333333335,0.003414633541424627,0.9345425931678517,0.9359123529464807,0.9366178541104426,0.9538669455441852,0.9461592096378045,0.9414197910813529,0.007457614459039139,4,0.968212973309772,0.960991528324317,0.9690699622042499,0.9608913402878227,0.9632690315493463,0.9644869671351015,0.0035076190731999435,0.938515252066201,0.9396199712546967,0.9398656118276862,0.9564740346419408,0.9485551116870944,0.9446059962955238,0.006940816990033147,4,0.9692274572010005,0.9617275414850754,0.969940885582885,0.9617176328875451,0.9642383550502532,0.965370374441352,0.003568217488262761,0.935,0.9366666666666669,0.9375000000000002,0.9541666666666668,0.9466666666666667,0.942,0.007314369419163883,4,0.9683333333333334,0.9612499999999999,0.9691666666666666,0.9612499999999999,0.9635416666666666,0.9647083333333335,0.003414633541424672,KNN,5.0,uniform,
0.02609081268310547,0.004217614487096089,0.04945974349975586,0.008634360778145965,15,,,,,"{'knn__n_neighbors': 5, 'knn__weights': 'distance', 'pca__n_components': 15}",0.9258333333333333,0.9316666666666666,0.9233333333333333,0.9416666666666667,0.9308333333333333,0.9306666666666666,0.006311365409587162,17,1.0,1.0,1.0,1.0,1.0,1.0,0.0,0.9249514374697972,0.930940536429466,0.9225807869443867,0.9405632953741608,0.9305054179439946,0.929908294832361,0.006216332070153962,17,1.0,1.0,1.0,1.0,1.0,1.0,0.0,0.929309334110872,0.9364101681612171,0.9279794162397977,0.944422119529688,0.9334165073178567,0.9343075090718862,0.005874468757549775,17,1.0,1.0,1.0,1.0,1.0,1.0,0.0,0.9258333333333333,0.9316666666666668,0.9233333333333333,0.9416666666666669,0.9308333333333334,0.9306666666666666,0.006311365409587244,17,1.0,1.0,1.0,1.0,1.0,1.0,0.0,KNN,5.0,distance,
0.01754422187805176,0.0010703299373368243,0.023346662521362305,0.0031764372810520595,30,,,,,"{'knn__n_neighbors': 5, 'knn__weights': 'distance', 'pca__n_components': 30}",0.9366666666666666,0.94,0.9325,0.9533333333333334,0.9441666666666667,0.9413333333333334,0.007121953539740519,5,1.0,1.0,1.0,1.0,1.0,1.0,0.0,0.9362780538809077,0.9395460591835133,0.9310348799587628,0.9529561264439015,0.9441578480313529,0.9407945934996876,0.00743537949355044,5,1.0,1.0,1.0,1.0,1.0,1.0,0.0,0.9398193846512093,0.9431410771475608,0.9351359116876851,0.9557080406070849,0.947019413032223,0.9441647654251526,0.006969170488073658,6,1.0,1.0,1.0,1.0,1.0,1.0,0.0,0.9366666666666668,0.94,0.9325,0.9533333333333336,0.9441666666666666,0.9413333333333334,0.007121953539740571,5,1.0,1.0,1.0,1.0,1.0,1.0,0.0,KNN,5.0,distance,
0.02013368606567383,0.0018382330557449636,0.027339410781860352,0.0009083390716980916,57,,,,,"{'knn__n_neighbors': 5, 'knn__weights': 'distance', 'pca__n_components': 57}",0.9391666666666667,0.9391666666666667,0.9391666666666667,0.96,0.9466666666666667,0.9448333333333332,0.00812061847671986,2,1.0,1.0,1.0,1.0,1.0,1.0,0.0,0.9383991215633688,0.9383752614881423,0.9380325177309886,0.9596213363570887,0.9463905963165598,0.9441637666912296,0.008345362423573094,1,1.0,1.0,1.0,1.0,1.0,1.0,0.0,0.9411245393379597,0.941805951476247,0.9412088365997036,0.9617239347545411,0.9484557433911316,0.9468638011119165,0.007922846008581102,2,1.0,1.0,1.0,1.0,1.0,1.0,0.0,0.9391666666666667,0.9391666666666667,0.9391666666666668,0.9600000000000002,0.9466666666666667,0.9448333333333334,0.008120618476719925,1,1.0,1.0,1.0,1.0,1.0,1.0,0.0,KNN,5.0,distance,
0.023493051528930664,0.00475888811962673,0.0455324649810791,0.006904456304360764,15,,,,,"{'knn__n_neighbors': 7, 'knn__weights': 'uniform', 'pca__n_components': 15}",0.9233333333333333,0.9225,0.9125,0.9366666666666666,0.93,0.925,0.008079466429027222,21,0.9464583333333333,0.945625,0.944375,0.9447916666666667,0.944375,0.945125,0.000807946642902724,0.9229515307837992,0.9218960115620406,0.9115662510565214,0.935653926170622,0.9295835228166971,0.924330248477936,0.008081690043336634,21,0.9460838699794822,0.9453102572368112,0.9441241494747594,0.9442286365172529,0.9438140487049423,0.9447121923826496,0.0008515237873037846,0.9270760386962265,0.9270892054041424,0.9171100612655667,0.9396054004412802,0.9334311883425996,0.9288623788299631,0.007493178990386367,21,0.9474790114324692,0.9466401474724537,0.9457398659898444,0.9458361312464858,0.9455743586241124,0.9462539029530731,0.0007142301181625642,0.9233333333333335,0.9225000000000001,0.9125,0.9366666666666668,0.93,0.925,0.008079466429027243,21,0.9464583333333331,0.9456249999999998,0.9443749999999999,0.9447916666666666,0.9443750000000001,0.945125,0.0008079466429026325,KNN,7.0,uniform,
0.017543840408325195,0.0026485579176243816,0.02685537338256836,0.010312142029081196,30,,,,,"{'knn__n_neighbors': 7, 'knn__weights': 'uniform', 'pca__n_components': 30}",0.9258333333333333,0.93,0.925,0.9475,0.9425,0.9341666666666667,0.009143911149563469,15,0.9577083333333334,0.9514583333333333,0.958125,0.9552083333333333,0.9510416666666667,0.9547083333333333,0.0029976842914341754,0.925028184765228,0.9292521677604434,0.9234696183781317,0.9471206242522944,0.9421488518165833,0.9334038893945362,0.009494231344483213,15,0.9573863968032259,0.9510350665527049,0.9579341485775827,0.9546734310389025,0.9505045730532534,0.9543067232051339,0.0030963579240018656,0.9299691518541632,0.933176841515534,0.9280089674089539,0.9506005083250507,0.9454452421192224,0.9374401422445848,0.008946679257413177,15,0.9586707903263376,0.9519650176658475,0.9591243288724536,0.9558756427044943,0.9520331352562555,0.9555337829650778,0.003093228841236222,0.9258333333333335,0.9300000000000002,0.9250000000000002,0.9475000000000001,0.9425000000000001,0.9341666666666668,0.009143911149563448,15,0.957708333333333,0.9514583333333332,0.9581250000000001,0.9552083333333333,0.9510416666666667,0.9547083333333333,0.002997684291434158,KNN,7.0,uniform,
0.02016415596008301,0.001743148338051773,0.027228879928588866,0.0011343280143536248,57,,,,,"{'knn__n_neighbors': 7, 'knn__weights': 'uniform', 'pca__n_components': 57}",0.9358333333333333,0.9341666666666667,0.9341666666666667,0.9558333333333333,0.9458333333333333,0.9411666666666665,0.008524474568362932,8,0.9622916666666667,0.95625,0.9627083333333334,0.95875,0.956875,0.959375,0.0026841872347343966,0.9352135833224483,0.9333798023351675,0.9328061885335812,0.9556409026309401,0.9453389670028343,0.9404758887649942,0.008837395298747724,6,0.9619863263557925,0.9560078121000078,0.962581983211284,0.9583379439095874,0.9565155480547223,0.9590859227262788,0.002730415478232989,0.9400723899199469,0.9372430578234411,0.9371481181805587,0.9586146305597106,0.9482106539712711,0.9442577700909857,0.00823426352686701,5,0.963048498515793,0.956911986406167,0.9635326121913597,0.9593293595500842,0.9576791205125018,0.9601003154351812,0.0027237637315636353,0.9358333333333335,0.9341666666666667,0.9341666666666667,0.9558333333333334,0.9458333333333335,0.9411666666666667,0.008524474568362967,6,0.9622916666666667,0.95625,0.9627083333333333,0.95875,0.956875,0.959375,0.0026841872347343693,KNN,7.0,uniform,
0.023884344100952148,0.0041870470111109535,0.045715045928955075,0.008714303627117436,15,,,,,"{'knn__n_neighbors': 7, 'knn__weights': 'distance', 'pca__n_components': 15}",0.9283333333333333,0.9275,0.92,0.9408333333333333,0.9316666666666666,0.9296666666666666,0.006761820925033575,18,1.0,1.0,1.0,1.0,1.0,1.0,0.0,0.9278873153601486,0.9269881868142168,0.9190489096558078,0.9397874349891343,0.9314307360854558,0.9290285165809526,0.006731757928290622,18,1.0,1.0,1.0,1.0,1.0,1.0,0.0,0.9317944659661243,0.9315924035814555,0.9243169559208408,0.9434434229577923,0.9351749179924237,0.9332644332837272,0.006201219573702416,18,1.0,1.0,1.0,1.0,1.0,1.0,0.0,0.9283333333333333,0.9275000000000001,0.9200000000000002,0.9408333333333335,0.9316666666666668,0.9296666666666669,0.006761820925033615,18,1.0,1.0,1.0,1.0,1.0,1.0,0.0,KNN,7.0,distance,
0.015236520767211914,0.0016008803328306158,0.02338995933532715,0.002831770279784729,30,,,,,"{'knn__n_neighbors': 7, 'knn__weights': 'distance', 'pca__n_components': 30}",0.9358333333333333,0.9316666666666666,0.9258333333333333,0.95,0.9475,0.9381666666666666,0.009240610850419415,11,1.0,1.0,1.0,1.0,1.0,1.0,0.0,0.9351984493447151,0.9307310713947875,0.9242579447111149,0.949482309255634,0.9473500598875259,0.9374039669187555,0.009664583397924911,11,1.0,1.0,1.0,1.0,1.0,1.0,0.0,0.938823558180302,0.9347608408987802,0.9289466188847554,0.952687777992412,0.949978981965622,0.9410395555843744,0.009012951235991454,10,1.0,1.0,1.0,1.0,1.0,1.0,0.0,0.9358333333333333,0.9316666666666666,0.9258333333333334,0.9500000000000003,0.9475000000000001,0.9381666666666668,0.009240610850419493,11,1.0,1.0,1.0,1.0,1.0,1.0,0.0,KNN,7.0,distance,
0.018541288375854493,0.001076978829806099,0.02782588005065918,0.0018088120578687438,57,,,,,"{'knn__n_neighbors': 7, 'knn__weights': 'distance', 'pca__n_components': 57}",0.9425,0.935,0.9358333333333333,0.9575,0.9533333333333334,0.9448333333333334,0.009119576013536308,1,1.0,1.0,1.0,1.0,1.0,1.0,0.0,0.9418478878781381,0.9339380348148624,0.9346720707463363,0.9571750560452621,0.9529887879878177,0.9441243674944833,0.009457146176840611,2,1.0,1.0,1.0,1.0,1.0,1.0,0.0,0.945933989838452,0.9381468630818868,0.9385335182695191,0.9599485593650354,0.9550941284969248,0.9475314118103636,0.008751729395285889,1,1.0,1.0,1.0,1.0,1.0,1.0,0.0,0.9425000000000001,0.935,0.9358333333333333,0.9575000000000001,0.9533333333333334,0.9448333333333334,0.009119576013536334,1,1.0,1.0,1.0,1.0,1.0,1.0,0.0,KNN,7.0,distance,
0.018168115615844728,0.0021987712574677884,0.2546424388885498,0.011250605095597634,10,,,,,"{'PNN__sigma': 0.01, 'pca__n_components': 10}",0.8466666666666667,0.8291666666666667,0.8516666666666667,0.8633333333333333,0.84,0.8461666666666666,0.011421227799341184,24,1.0,1.0,1.0,1.0,1.0,1.0,0.0,0.8593054627105744,0.84588051976392,0.8632003660083416,0.8749971447644955,0.8535948494580864,0.8593956685410836,0.009738569389406607,22,1.0,1.0,1.0,1.0,1.0,1.0,0.0,0.8897424028776413,0.8832917086687727,0.8945128759445599,0.9006689594083626,0.8810441150901845,0.8898520123979041,0.00720220307789681,23,1.0,1.0,1.0,1.0,1.0,1.0,0.0,0.8466666666666668,0.8291666666666665,0.8516666666666667,0.8633333333333334,0.84,0.8461666666666666,0.011421227799341285,24,1.0,1.0,1.0,1.0,1.0,1.0,0.0,PNN + PCA,,,0.01
0.018692922592163087,0.003275939235509853,0.23331670761108397,0.00985920327961292,20,,,,,"{'PNN__sigma': 0.01, 'pca__n_components': 20}",0.6908333333333333,0.6483333333333333,0.6875,0.7175,0.6883333333333334,0.6865,0.022094494035090895,38,1.0,1.0,1.0,1.0,1.0,1.0,0.0,0.7672786097789683,0.7310176678250062,0.7613516516433738,0.784916239831522,0.7645205599632304,0.7618169458084203,0.017432892531938686,36,1.0,1.0,1.0,1.0,1.0,1.0,0.0,0.9549496531733374,0.9473906213324673,0.9256453716706865,0.9269016567698775,0.9429175544687034,0.9395609714830144,0.011517671269957671,12,1.0,1.0,1.0,1.0,1.0,1.0,0.0,0.6908333333333333,0.6483333333333332,0.6874999999999999,0.7174999999999999,0.6883333333333332,0.6864999999999999,0.022094494035090898,38,1.0,1.0,1.0,1.0,1.0,1.0,0.0,PNN + PCA,,,0.01
0.018520402908325195,0.0018747305200556685,0.2224142074584961,0.002699546009196315,30,,,,,"{'PNN__sigma': 0.01, 'pca__n_components': 30}",0.5833333333333334,0.53,0.5566666666666666,0.6008333333333333,0.555,0.5651666666666666,0.024553795814270522,39,1.0,1.0,1.0,1.0,1.0,1.0,0.0,0.6740689713144321,0.6175721354803707,0.6438376554740363,0.683415238900942,0.643501211018302,0.6524790424376166,0.023651386680248625,39,1.0,1.0,1.0,1.0,1.0,1.0,0.0,0.9550570950377453,0.9285706900843105,0.9257219435568947,0.9288212779002253,0.9438618216770729,0.9364065656512498,0.011282923152026536,14,1.0,1.0,1.0,1.0,1.0,1.0,0.0,0.5833333333333334,0.53,0.5566666666666666,0.6008333333333333,0.555,0.5651666666666666,0.024553795814270522,39,1.0,1.0,1.0,1.0,1.0,1.0,0.0,PNN + PCA,,,0.01
0.02071385383605957,0.003353045913566019,0.22111859321594238,0.004673773394738259,40,,,,,"{'PNN__sigma': 0.01, 'pca__n_components': 40}",0.5375,0.49583333333333335,0.5175,0.5508333333333333,0.515,0.5233333333333333,0.01906130460732771,40,1.0,1.0,1.0,1.0,1.0,1.0,0.0,0.6281124876659963,0.5880156866455746,0.605785081228572,0.6376032813206735,0.6032899011239988,0.6125612875969629,0.017907000749362467,40,1.0,1.0,1.0,1.0,1.0,1.0,0.0,0.9596576318938744,0.9192480283703688,0.9131940192616691,0.9396503417115761,0.9276664040451117,0.9318832850565201,0.016483094152885253,17,1.0,1.0,1.0,1.0,1.0,1.0,0.0,0.5375,0.49583333333333335,0.5175,0.5508333333333334,0.515,0.5233333333333333,0.01906130460732774,40,1.0,1.0,1.0,1.0,1.0,1.0,0.0,PNN + PCA,,,0.01
0.01908879280090332,0.0028090029709531097,0.2263852596282959,0.006430787954674864,50,,,,,"{'PNN__sigma': 0.01, 'pca__n_components': 50}",0.53,0.48333333333333334,0.5,0.5358333333333334,0.49333333333333335,0.5085,0.020712315177207997,41,1.0,1.0,1.0,1.0,1.0,1.0,0.0,0.6211182582947146,0.5744534102822769,0.587631900816629,0.6213366080761233,0.5758856842962978,0.5960851723532083,0.021031883631996186,41,1.0,1.0,1.0,1.0,1.0,1.0,0.0,0.9596484781847915,0.8871403572061467,0.9187300867110305,0.9395775641690673,0.8901690181508262,0.9190531008843724,0.028007342015531678,19,1.0,1.0,1.0,1.0,1.0,1.0,0.0,0.53,0.48333333333333334,0.5000000000000001,0.5358333333333334,0.4933333333333334,0.5085000000000001,0.02071231517720798,41,1.0,1.0,1.0,1.0,1.0,1.0,0.0,PNN + PCA,,,0.01
0.01662864685058594,0.002514157342937264,0.25678043365478515,0.018528163769318078,57,,,,,"{'PNN__sigma': 0.01, 'pca__n_components': 57}",0.53,0.48333333333333334,0.5,0.535,0.49333333333333335,0.5083333333333333,0.02049390153191921,42,1.0,1.0,1.0,1.0,1.0,1.0,0.0,0.6211182582947146,0.5744534102822769,0.587631900816629,0.6203851055406991,0.5758856842962978,0.5958948718461234,0.020805630588771735,42,1.0,1.0,1.0,1.0,1.0,1.0,0.0,0.9596484781847915,0.8871403572061467,0.9187300867110305,0.9395765809032173,0.8901690181508262,0.9190529042312023,0.028007197905683463,20,1.0,1.0,1.0,1.0,1.0,1.0,0.0,0.53,0.48333333333333334,0.5000000000000001,0.5350000000000001,0.4933333333333334,0.5083333333333334,0.020493901531919222,42,1.0,1.0,1.0,1.0,1.0,1.0,0.0,PNN + PCA,,,0.01
0.01884469985961914,0.003888229435984297,0.1956045150756836,0.024277293245466857,10,,,,,"{'PNN__sigma': 0.05, 'pca__n_components': 10}",0.8825,0.8808333333333334,0.8875,0.8966666666666666,0.8758333333333334,0.8846666666666666,0.007063206700139003,17,1.0,1.0,1.0,1.0,1.0,1.0,0.0,0.881394526233467,0.8797911134772924,0.8852895285221641,0.8959022926727205,0.8749932714316149,0.8834741464674518,0.007036607475222544,17,1.0,1.0,1.0,1.0,1.0,1.0,0.0,0.8848521388480503,0.8836216518108373,0.8917326087352055,0.9013197902832276,0.8793023499351124,0.8881657079224865,0.007693373316434894,24,1.0,1.0,1.0,1.0,1.0,1.0,0.0,0.8825000000000002,0.8808333333333335,0.8875000000000001,0.8966666666666667,0.8758333333333334,0.8846666666666667,0.007063206700139025,17,1.0,1.0,1.0,1.0,1.0,1.0,0.0,PNN + PCA,,,0.05
0.019538211822509765,0.004881163695446734,0.18505144119262695,0.019640684691301914,20,,,,,"{'PNN__sigma': 0.05, 'pca__n_components': 20}",0.9191666666666667,0.92,0.9133333333333333,0.9358333333333333,0.9291666666666667,0.9235,0.007982620009885352,15,1.0,1.0,1.0,1.0,1.0,1.0,0.0,0.9191344457895193,0.9195100382746031,0.9114326485804303,0.9345523378759796,0.928298050084628,0.9225855041210321,0.0080198849367598,15,1.0,1.0,1.0,1.0,1.0,1.0,0.0,0.9224211165604858,0.9237968559504939,0.9156108780019132,0.9376480402533708,0.930669029430185,0.9260291840392897,0.007524207935603166,18,1.0,1.0,1.0,1.0,1.0,1.0,0.0,0.9191666666666667,0.9200000000000002,0.9133333333333334,0.9358333333333334,0.9291666666666668,0.9235000000000001,0.007982620009885364,15,1.0,1.0,1.0,1.0,1.0,1.0,0.0,PNN + PCA,,,0.05
0.01672983169555664,0.003995673152392997,0.17125945091247557,0.014986460935604268,30,,,,,"{'PNN__sigma': 0.05, 'pca__n_components': 30}",0.9341666666666667,0.9266666666666666,0.9333333333333333,0.945,0.9425,0.9363333333333334,0.006637435917246619,12,1.0,1.0,1.0,1.0,1.0,1.0,0.0,0.9336049009715308,0.9258439217503894,0.9324527182560607,0.9437692041376698,0.9420352141434627,0.9355411918518227,0.006590864141299547,12,1.0,1.0,1.0,1.0,1.0,1.0,0.0,0.9371457453552116,0.9303387184019672,0.9357012350425831,0.9461913004890693,0.9435647596185691,0.93858835178148,0.005675252792127883,13,1.0,1.0,1.0,1.0,1.0,1.0,0.0,0.9341666666666666,0.9266666666666669,0.9333333333333333,0.9450000000000001,0.9425000000000002,0.9363333333333334,0.006637435917246632,12,1.0,1.0,1.0,1.0,1.0,1.0,0.0,PNN + PCA,,,0.05
0.020864105224609374,0.005282675531910228,0.1703777313232422,0.013656264008710155,40,,,,,"{'PNN__sigma': 0.05, 'pca__n_components': 40}",0.9375,0.9341666666666667,0.9341666666666667,0.9541666666666667,0.9441666666666667,0.9408333333333333,0.007601169500660931,9,1.0,1.0,1.0,1.0,1.0,1.0,0.0,0.937067919506496,0.9338437202274824,0.933256600945538,0.9529886028435152,0.9437126368510522,0.9401738960748167,0.007406842572321796,9,1.0,1.0,1.0,1.0,1.0,1.0,0.0,0.940223817482752,0.9384784280364945,0.9363146913597513,0.9545768406523556,0.9452573861641369,0.9429702327390981,0.006510910156661326,9,1.0,1.0,1.0,1.0,1.0,1.0,0.0,0.9375,0.9341666666666668,0.9341666666666667,0.9541666666666668,0.9441666666666669,0.9408333333333335,0.007601169500660969,9,1.0,1.0,1.0,1.0,1.0,1.0,0.0,PNN + PCA,,,0.05
0.02259650230407715,0.0034648919445444347,0.16166720390319825,0.010405066740468132,50,,,,,"{'PNN__sigma': 0.05, 'pca__n_components': 50}",0.9391666666666667,0.9358333333333333,0.9341666666666667,0.9533333333333334,0.9433333333333334,0.9411666666666667,0.006843488389215946,7,1.0,1.0,1.0,1.0,1.0,1.0,0.0,0.9386168171841514,0.9353991319294743,0.933005818361188,0.9521193909762289,0.9429824420707933,0.9404247201043672,0.006736058506370086,7,1.0,1.0,1.0,1.0,1.0,1.0,0.0,0.9416706684997,0.9394286915411058,0.9363826618944737,0.9538206088667119,0.9447373993283604,0.9432080060260704,0.005969896650483218,7,1.0,1.0,1.0,1.0,1.0,1.0,0.0,0.9391666666666666,0.9358333333333335,0.9341666666666668,0.9533333333333334,0.9433333333333335,0.9411666666666667,0.0068434883892159026,7,1.0,1.0,1.0,1.0,1.0,1.0,0.0,PNN + PCA,,,0.05
0.02199130058288574,0.0007646183733500101,0.16256141662597656,0.0054609350281087776,57,,,,,"{'PNN__sigma': 0.05, 'pca__n_components': 57}",0.9391666666666667,0.9358333333333333,0.9341666666666667,0.9533333333333334,0.9433333333333334,0.9411666666666667,0.006843488389215946,7,1.0,1.0,1.0,1.0,1.0,1.0,0.0,0.9386168171841514,0.9353991319294743,0.933005818361188,0.9521193909762289,0.9429824420707933,0.9404247201043672,0.006736058506370086,7,1.0,1.0,1.0,1.0,1.0,1.0,0.0,0.9416706684997,0.9394286915411058,0.9363826618944737,0.9538206088667119,0.9447373993283604,0.9432080060260704,0.005969896650483218,7,1.0,1.0,1.0,1.0,1.0,1.0,0.0,0.9391666666666666,0.9358333333333335,0.9341666666666668,0.9533333333333334,0.9433333333333335,0.9411666666666667,0.0068434883892159026,7,1.0,1.0,1.0,1.0,1.0,1.0,0.0,PNN + PCA,,,0.05
0.022536754608154297,0.0017834046495796992,0.15649061203002929,0.01230533712007664,10,,,,,"{'PNN__sigma': 0.1, 'pca__n_components': 10}",0.8933333333333333,0.8883333333333333,0.895,0.9091666666666667,0.8941666666666667,0.8960000000000001,0.00698013053045732,16,0.9997916666666666,1.0,0.9995833333333334,0.9997916666666666,0.9997916666666666,0.9997916666666666,0.00013176156917366796,0.8918204238997033,0.8868435055454746,0.8929444503524007,0.9082560308385754,0.8928412535393756,0.8945411328351061,0.007213780351763673,16,0.9997916585283279,1.0,0.9995833170566558,0.9997916585283279,0.9997916585283279,0.999791658528328,0.00013176671631105134,0.8960932033231358,0.8912993224183324,0.8993366319776502,0.9130393289437913,0.8963298241121636,0.8992196621550146,0.007373663436556248,21,0.9997942386831277,1.0,0.9995884773662552,0.9997942386831277,0.9997942386831277,0.9997942386831277,0.00013013488313447601,0.8933333333333333,0.8883333333333334,0.895,0.9091666666666666,0.8941666666666667,0.8960000000000001,0.006980130530457253,16,0.9997916666666666,1.0,0.9995833333333334,0.9997916666666666,0.9997916666666666,0.9997916666666666,0.00013176156917366796,PNN + PCA,,,0.1
0.018625450134277344,0.003836317134223495,0.16300649642944337,0.015245592817368253,20,,,,,"{'PNN__sigma': 0.1, 'pca__n_components': 20}",0.9266666666666666,0.9275,0.9233333333333333,0.9425,0.9308333333333333,0.9301666666666666,0.006612278141625794,13,1.0,1.0,1.0,1.0,1.0,1.0,0.0,0.9265381386574946,0.9268300015589096,0.9216238952900712,0.9411572576789689,0.9296906228853119,0.9291679832141512,0.006531636205994216,13,1.0,1.0,1.0,1.0,1.0,1.0,0.0,0.9299817887221138,0.9306667120102643,0.9260234627374887,0.944228193562643,0.9317453976771347,0.9325291109419289,0.006160577561882877,16,1.0,1.0,1.0,1.0,1.0,1.0,0.0,0.9266666666666666,0.9275000000000001,0.9233333333333335,0.9425000000000001,0.9308333333333335,0.9301666666666668,0.0066122781416258075,13,1.0,1.0,1.0,1.0,1.0,1.0,0.0,PNN + PCA,,,0.1
0.021630620956420897,0.0025069365773348062,0.16838674545288085,0.013829026663485835,30,,,,,"{'PNN__sigma': 0.1, 'pca__n_components': 30}",0.9358333333333333,0.9316666666666666,0.9375,0.95,0.945,0.9400000000000001,0.00660387091871964,10,1.0,1.0,1.0,1.0,1.0,1.0,0.0,0.9352106381170177,0.9314411712161512,0.9366884353756313,0.9489505651326288,0.9443449986676248,0.9393271617018109,0.006385703882835668,10,1.0,1.0,1.0,1.0,1.0,1.0,0.0,0.9391364821302396,0.935804938567861,0.939404793452411,0.9507897653664245,0.9461248642026676,0.9422521687439207,0.005427156756041848,11,1.0,1.0,1.0,1.0,1.0,1.0,0.0,0.9358333333333333,0.9316666666666669,0.9375000000000001,0.9500000000000001,0.9450000000000003,0.9400000000000002,0.00660387091871966,10,1.0,1.0,1.0,1.0,1.0,1.0,0.0,PNN + PCA,,,0.1
0.019330787658691406,0.0037466278411924544,0.16282567977905274,0.015482651011641885,40,,,,,"{'PNN__sigma': 0.1, 'pca__n_components': 40}",0.9375,0.9383333333333334,0.9375,0.9608333333333333,0.945,0.9438333333333334,0.00895358401237552,4,1.0,1.0,1.0,1.0,1.0,1.0,0.0,0.9369880531806971,0.938155486102989,0.9367451963598182,0.9603117182284719,0.9444334089868766,0.9433267725717706,0.008943732283683899,4,1.0,1.0,1.0,1.0,1.0,1.0,0.0,0.940297691563508,0.9420161205049818,0.9400633794907923,0.9616931862775854,0.9464608243269571,0.9461062404327649,0.008124815073115186,6,1.0,1.0,1.0,1.0,1.0,1.0,0.0,0.9375,0.9383333333333336,0.9375,0.9608333333333334,0.9450000000000002,0.9438333333333334,0.008953584012375539,4,1.0,1.0,1.0,1.0,1.0,1.0,0.0,PNN + PCA,,,0.1
0.02006692886352539,0.003925708277719183,0.17099337577819823,0.015616120897937909,50,,,,,"{'PNN__sigma': 0.1, 'pca__n_components': 50}",0.94,0.94,0.9383333333333334,0.9608333333333333,0.9466666666666667,0.9451666666666666,0.00833999733546454,1,1.0,1.0,1.0,1.0,1.0,1.0,0.0,0.9394990619586852,0.9398382731516296,0.9374802285678929,0.9602776589325385,0.94609670183438,0.9446383848890252,0.008335544321911853,1,1.0,1.0,1.0,1.0,1.0,1.0,0.0,0.9425977519038494,0.9434230469119081,0.9408111230326536,0.9618205769467717,0.9481616040540526,0.9473628205698471,0.007626496063009193,2,1.0,1.0,1.0,1.0,1.0,1.0,0.0,0.9400000000000001,0.9400000000000001,0.9383333333333334,0.9608333333333334,0.9466666666666669,0.9451666666666668,0.008339997335464562,1,1.0,1.0,1.0,1.0,1.0,1.0,0.0,PNN + PCA,,,0.1
0.01998476982116699,0.004480957109050395,0.1652996063232422,0.013986389655914472,57,,,,,"{'PNN__sigma': 0.1, 'pca__n_components': 57}",0.94,0.94,0.9383333333333334,0.9608333333333333,0.9466666666666667,0.9451666666666666,0.00833999733546454,1,1.0,1.0,1.0,1.0,1.0,1.0,0.0,0.9394990619586852,0.9398382731516296,0.9374802285678929,0.9602776589325385,0.94609670183438,0.9446383848890252,0.008335544321911853,1,1.0,1.0,1.0,1.0,1.0,1.0,0.0,0.9425977519038494,0.9434230469119081,0.9408111230326536,0.9618205769467717,0.9481616040540526,0.9473628205698471,0.007626496063009193,2,1.0,1.0,1.0,1.0,1.0,1.0,0.0,0.9400000000000001,0.9400000000000001,0.9383333333333334,0.9608333333333334,0.9466666666666669,0.9451666666666668,0.008339997335464562,1,1.0,1.0,1.0,1.0,1.0,1.0,0.0,PNN + PCA,,,0.1
0.021681976318359376,0.006402260639124976,0.1733941078186035,0.01636260205547335,10,,,,,"{'PNN__sigma': 0.2, 'pca__n_components': 10}",0.8741666666666666,0.8791666666666667,0.88,0.8983333333333333,0.8841666666666667,0.8831666666666667,0.008222597589029339,18,0.9466666666666667,0.95125,0.9497916666666667,0.9441666666666667,0.9458333333333333,0.9475416666666667,0.002603416558635562,0.8716506635310487,0.8769671479576916,0.8779006970864464,0.8965403267755382,0.8833237960573346,0.8812765262816118,0.008482913615489177,18,0.9465883918786777,0.9511929687060506,0.9497119993457237,0.9439136297159636,0.9456103711230793,0.947403472153899,0.0026738791789293493,0.8822083905596644,0.8883528810283756,0.8892958600576424,0.9038094098584099,0.8903080787382021,0.890794924048459,0.00709299913390977,22,0.9496507290934821,0.9535191134119085,0.9525064342464631,0.9469396165382895,0.9490841245239033,0.9503400035628093,0.002383909591854043,0.8741666666666668,0.8791666666666667,0.88,0.8983333333333333,0.8841666666666667,0.8831666666666667,0.008222597589029315,18,0.9466666666666668,0.9512500000000002,0.9497916666666666,0.9441666666666666,0.9458333333333334,0.9475416666666667,0.0026034165586355817,PNN + PCA,,,0.2
0.018437910079956054,0.0043312706435783875,0.16490182876586915,0.01397177403280688,20,,,,,"{'PNN__sigma': 0.2, 'pca__n_components': 20}",0.9208333333333333,0.9283333333333333,0.9191666666666667,0.9458333333333333,0.9325,0.9293333333333333,0.009580071908799937,14,0.9902083333333334,0.9914583333333333,0.99,0.9895833333333334,0.9885416666666667,0.9899583333333334,0.0009446486707295546,0.9206265786947628,0.9277893814052381,0.918191886137143,0.9454767075494295,0.9316402739215466,0.9287449655416239,0.009659428887723068,14,0.9902688527346021,0.9914880983703767,0.9900046012615482,0.9895865892209122,0.9886132627474904,0.9899922808669859,0.0009359904357545432,0.9289426807270392,0.9335371913464244,0.9237321254246087,0.9491258329746013,0.9353677212203483,0.9341411103386044,0.008506254666400172,15,0.9906825110258546,0.9918598592009832,0.9904577365874273,0.990092376378938,0.9891838657164094,0.9904552697819223,0.000868639859083547,0.9208333333333333,0.9283333333333336,0.9191666666666668,0.9458333333333334,0.9325,0.9293333333333333,0.009580071908799948,14,0.9902083333333331,0.9914583333333334,0.9899999999999999,0.9895833333333335,0.9885416666666667,0.9899583333333333,0.0009446486707295683,PNN + PCA,,,0.2
0.020284271240234374,0.0044944719929480865,0.17171378135681153,0.014483125965339065,30,,,,,"{'PNN__sigma': 0.2, 'pca__n_components': 30}",0.9308333333333333,0.9375,0.9333333333333333,0.9491666666666667,0.94,0.9381666666666668,0.006355225321645894,11,0.9952083333333334,0.9960416666666667,0.995625,0.994375,0.99375,0.9950000000000001,0.0008333333333333359,0.930018430825495,0.9367491345626704,0.932762644142786,0.9487269370768628,0.9393684801576789,0.9375251253530987,0.0064577456522597115,11,0.9952386350102563,0.9960575995909069,0.9956321779683014,0.994388250697844,0.9937986992126714,0.995023072495996,0.0008233846775814378,0.9360766289044657,0.9420407229241695,0.9381128379465582,0.9522323506897473,0.9433235504327395,0.9423572181795361,0.0055859247142922295,10,0.9954151117247405,0.9962164999077682,0.9957905753107738,0.9946387103060544,0.994107846273295,0.9952337487045263,0.0007655684583769395,0.9308333333333335,0.9375000000000002,0.9333333333333335,0.9491666666666668,0.9400000000000001,0.9381666666666668,0.006355225321645866,11,0.9952083333333334,0.9960416666666666,0.995625,0.9943749999999999,0.9937499999999999,0.9949999999999999,0.0008333333333333581,PNN + PCA,,,0.2
0.022742033004760742,0.010660765157294146,0.16812691688537598,0.011406167791852115,40,,,,,"{'PNN__sigma': 0.2, 'pca__n_components': 40}",0.9366666666666666,0.9425,0.9383333333333334,0.9575,0.9466666666666667,0.9443333333333334,0.007442371187255375,3,0.9972916666666667,0.9972916666666667,0.9966666666666667,0.9970833333333333,0.995,0.9966666666666667,0.0008640183897219949,0.9357475644558684,0.9420404960708572,0.937588046454859,0.9570901847992322,0.9460329739855755,0.9436998531532785,0.00759066501670983,3,0.9973026365378584,0.997298751806262,0.9966708745632814,0.9970852226109154,0.9950332018328983,0.9966781374702431,0.000854019385272392,0.9405878858905511,0.9476044504376884,0.9418446583435309,0.9600271410511684,0.9495937088381955,0.9479315689122269,0.006930407514603638,1,0.9973831824729583,0.9973733267295994,0.9967712890636532,0.997161038333227,0.9952942564380992,0.9967966186075075,0.0007832221698463265,0.9366666666666666,0.9425000000000001,0.9383333333333336,0.9575000000000001,0.9466666666666667,0.9443333333333334,0.007442371187255372,3,0.9972916666666667,0.9972916666666667,0.9966666666666666,0.9970833333333332,0.9949999999999999,0.9966666666666667,0.000864018389722027,PNN + PCA,,,0.2
0.02622685432434082,0.009355117441752941,0.1772862434387207,0.017031753695519836,50,,,,,"{'PNN__sigma': 0.2, 'pca__n_components': 50}",0.935,0.9425,0.9375,0.9575,0.9458333333333333,0.9436666666666668,0.007881060278357919,5,0.9975,0.9977083333333333,0.9970833333333333,0.9977083333333333,0.9952083333333334,0.9970416666666667,0.0009446486707295399,0.93391952651079,0.9420404960708572,0.9367858430822763,0.9570901847992321,0.9452058677729125,0.9430083836472137,0.00806709615235572,5,0.9975060047808032,0.997710461520879,0.9970850014654221,0.9977118671010783,0.9952342167916902,0.9970495103319745,0.0009360032482266939,0.9389924392150129,0.9476044504376884,0.9412407936092315,0.9600271410511684,0.9487830083936277,0.9473295665413458,0.007348432495182414,4,0.9975699238361703,0.9977658294096838,0.9971727745599895,0.9977638021220684,0.9954724619090072,0.9971489583673838,0.0008656768724406556,0.935,0.9425000000000001,0.9375000000000001,0.9575000000000001,0.9458333333333333,0.9436666666666668,0.007881060278357936,5,0.9975,0.9977083333333334,0.9970833333333332,0.9977083333333333,0.9952083333333334,0.9970416666666667,0.0009446486707295546,PNN + PCA,,,0.2
0.02366504669189453,0.009454338938197415,0.1720600128173828,0.022024509757204564,57,,,,,"{'PNN__sigma': 0.2, 'pca__n_components': 57}",0.935,0.9425,0.9375,0.9575,0.9458333333333333,0.9436666666666668,0.007881060278357919,5,0.9975,0.9977083333333333,0.9970833333333333,0.9977083333333333,0.9952083333333334,0.9970416666666667,0.0009446486707295399,0.93391952651079,0.9420404960708572,0.9367858430822763,0.9570901847992321,0.9452058677729125,0.9430083836472137,0.00806709615235572,5,0.9975060047808032,0.997710461520879,0.9970850014654221,0.9977118671010783,0.9952342167916902,0.9970495103319745,0.0009360032482266939,0.9389924392150129,0.9476044504376884,0.9412407936092315,0.9600271410511684,0.9487830083936277,0.9473295665413458,0.007348432495182414,4,0.9975699238361703,0.9977658294096838,0.9971727745599895,0.9977638021220684,0.9954724619090072,0.9971489583673838,0.0008656768724406556,0.935,0.9425000000000001,0.9375000000000001,0.9575000000000001,0.9458333333333333,0.9436666666666668,0.007881060278357936,5,0.9975,0.9977083333333334,0.9970833333333332,0.9977083333333333,0.9952083333333334,0.9970416666666667,0.0009446486707295546,PNN + PCA,,,0.2
0.02259206771850586,0.0069518050209409635,0.17632923126220704,0.0164245619064467,10,,,,,"{'PNN__sigma': 0.5, 'pca__n_components': 10}",0.7966666666666666,0.8008333333333333,0.7975,0.8133333333333334,0.8158333333333333,0.8048333333333334,0.008120618476719898,34,0.8220833333333334,0.809375,0.8233333333333334,0.810625,0.8120833333333334,0.8154999999999999,0.005960809508783199,0.7866390018509027,0.7979706257285805,0.7936080736613046,0.8051264796532702,0.8093996895042641,0.7985487740796644,0.008094393452825052,33,0.8180892036036437,0.8030667599119301,0.8172515290815302,0.8046837874149149,0.805840366104142,0.8097863292232322,0.006502708689053587,0.8261099823925214,0.8264689916537814,0.8256559556942145,0.8352563553007942,0.8470893848541704,0.8321161339790963,0.008291648913369299,40,0.8418232310509812,0.8328003849010642,0.8447071983721713,0.8345220237014682,0.8347549539204167,0.8377215583892201,0.0046664461293070975,0.7966666666666667,0.8008333333333334,0.7975,0.8133333333333332,0.8158333333333333,0.8048333333333332,0.00812061847671984,34,0.8220833333333333,0.809375,0.8233333333333335,0.8106250000000002,0.8120833333333334,0.8155000000000001,0.005960809508783186,PNN + PCA,,,0.5
0.019760274887084962,0.003842566363694933,0.16802115440368653,0.015754736403822016,20,,,,,"{'PNN__sigma': 0.5, 'pca__n_components': 20}",0.8583333333333333,0.8508333333333333,0.85,0.8583333333333333,0.8541666666666666,0.8543333333333333,0.003551212625443736,23,0.870625,0.866875,0.8745833333333334,0.8635416666666667,0.8697916666666666,0.8690833333333334,0.003707162736589225,0.8540447812520472,0.8492826092016935,0.8480271703996585,0.8550904626509371,0.8505813758711296,0.8514052798750932,0.0027255719338809994,24,0.8694558567744463,0.8661359697356557,0.8726574293892476,0.8614247013769822,0.8682087054003388,0.8675765325353341,0.0037327540167484178,0.8826782729521434,0.8711257089807478,0.8737460918934395,0.877131848257898,0.876414179356113,0.8762192202880683,0.0038639482828046424,29,0.8877992871203894,0.886173342201913,0.8908514118952364,0.8833117929362828,0.8870907120676387,0.887045309244292,0.0024395258551080778,0.8583333333333332,0.8508333333333334,0.85,0.8583333333333335,0.8541666666666667,0.8543333333333333,0.0035512126254437382,23,0.870625,0.8668750000000001,0.8745833333333333,0.8635416666666665,0.8697916666666665,0.8690833333333334,0.0037071627365892076,PNN + PCA,,,0.5
0.02193751335144043,0.004095240930278067,0.17016963958740233,0.014155044924806588,30,,,,,"{'PNN__sigma': 0.5, 'pca__n_components': 30}",0.8625,0.8533333333333334,0.8583333333333333,0.8641666666666666,0.8666666666666667,0.861,0.004696334267868451,22,0.8833333333333333,0.878125,0.885,0.875,0.884375,0.8811666666666668,0.003923309968777776,0.8570559596484835,0.8526926895332534,0.8576690994204703,0.8618171795925016,0.8641904804996441,0.8586850817388706,0.003992855511597618,23,0.8825364233884575,0.8776977436532067,0.8834720634962061,0.8731182760074084,0.8834000348648583,0.8800449082820274,0.004066874260093128,0.8810450341540846,0.8743138058491067,0.8831323958498406,0.8829032095790772,0.8887655953724066,0.8820320081609031,0.004644476425343822,28,0.8997467245104028,0.8958285956017586,0.8993466185944727,0.8933111167559483,0.8991913268449192,0.8974848764615004,0.0025162491785638143,0.8624999999999999,0.8533333333333333,0.8583333333333333,0.8641666666666666,0.8666666666666666,0.861,0.004696334267868454,22,0.8833333333333333,0.8781249999999999,0.8849999999999999,0.8750000000000001,0.884375,0.8811666666666665,0.003923309968777737,PNN + PCA,,,0.5
0.020975780487060548,0.006104699998547903,0.16834311485290526,0.013532089778917709,40,,,,,"{'PNN__sigma': 0.5, 'pca__n_components': 40}",0.8633333333333333,0.8608333333333333,0.8558333333333333,0.8741666666666666,0.8716666666666667,0.8651666666666668,0.00681909084849293,19,0.8875,0.8854166666666666,0.890625,0.8814583333333333,0.889375,0.8868750000000001,0.00323017457388572,0.8590153607538494,0.8606383339906201,0.8555287757225026,0.871966017127356,0.8690752667270732,0.8632447508642803,0.006233342962998019,21,0.8868350041683346,0.885079478284894,0.8893090637509782,0.880097003404386,0.888474839848308,0.8859590778913802,0.003269749931872151,0.8832740626170623,0.8813479037993608,0.8832031581387013,0.890165591314947,0.8934864464697047,0.8862954324679553,0.004687380678035787,25,0.9030339610424003,0.9021424062298066,0.9038390779203506,0.898419822389332,0.9038836938887492,0.9022637922941279,0.0020243322398679326,0.8633333333333333,0.8608333333333332,0.8558333333333334,0.8741666666666668,0.8716666666666666,0.8651666666666668,0.0068190908484929225,19,0.8875000000000001,0.8854166666666666,0.890625,0.8814583333333332,0.8893750000000001,0.8868750000000001,0.0032301745738857785,PNN + PCA,,,0.5
0.02154998779296875,0.004747398291398303,0.18142800331115722,0.015077394877943894,50,,,,,"{'PNN__sigma': 0.5, 'pca__n_components': 50}",0.8633333333333333,0.8608333333333333,0.8541666666666666,0.8733333333333333,0.8741666666666666,0.8651666666666665,0.007626707459098367,20,0.888125,0.88625,0.890625,0.8833333333333333,0.890625,0.8877916666666668,0.002772007896413329,0.8588908049886831,0.8605737814875766,0.8540862137589933,0.8711887705841276,0.8715964766522296,0.8632672094943221,0.00696887329492998,19,0.8875301667070337,0.886007611928814,0.8893905673823234,0.8821270883337319,0.8898781437749251,0.8869867156253657,0.0027931638173888966,0.883399628962959,0.8819182491317031,0.8811638404592049,0.8892940239895614,0.8955907909095586,0.8862733066905975,0.00546390776576982,26,0.904166317424307,0.9028599647627927,0.904181808767057,0.9001895208819245,0.9050580334557612,0.9032911290583684,0.0017021804897737933,0.8633333333333333,0.8608333333333333,0.8541666666666666,0.8733333333333334,0.8741666666666666,0.8651666666666668,0.00762670745909839,19,0.8881250000000002,0.88625,0.890625,0.8833333333333333,0.8906250000000001,0.8877916666666668,0.002772007896413354,PNN + PCA,,,0.5
0.020019960403442384,0.004465317704176033,0.16728658676147462,0.016439463800262014,57,,,,,"{'PNN__sigma': 0.5, 'pca__n_components': 57}",0.8633333333333333,0.8608333333333333,0.8541666666666666,0.8733333333333333,0.8741666666666666,0.8651666666666665,0.007626707459098367,20,0.8879166666666667,0.88625,0.890625,0.8833333333333333,0.890625,0.8877500000000002,0.002768247540312193,0.8588908049886831,0.8605737814875766,0.8540862137589933,0.8711887705841276,0.8715964766522296,0.8632672094943221,0.00696887329492998,19,0.8873328678937048,0.886007611928814,0.8893905673823234,0.8821270883337319,0.8898781437749251,0.8869472558626998,0.002786593529893248,0.883399628962959,0.8819182491317031,0.8811638404592049,0.8892940239895614,0.8955907909095586,0.8862733066905975,0.00546390776576982,26,0.9040135701695736,0.9028599647627927,0.904181808767057,0.9001895208819245,0.9050580334557612,0.9032605796074218,0.0016875065770154656,0.8633333333333333,0.8608333333333333,0.8541666666666666,0.8733333333333334,0.8741666666666666,0.8651666666666668,0.00762670745909839,19,0.8879166666666668,0.88625,0.890625,0.8833333333333333,0.8906250000000001,0.8877500000000002,0.002768247540312218,PNN + PCA,,,0.5
0.04417848587036133,0.04488966496602351,0.16249690055847169,0.010745108519535864,10,,,,,"{'PNN__sigma': 1, 'pca__n_components': 10}",0.7658333333333334,0.7583333333333333,0.7616666666666667,0.7775,0.7791666666666667,0.7685000000000001,0.008389808632435472,36,0.7810416666666666,0.7735416666666667,0.7889583333333333,0.7760416666666666,0.775,0.7789166666666667,0.005618669277012513,0.7498463705431944,0.7483281843579138,0.7513449020775715,0.7641257253080389,0.7685072502925473,0.7564304865158532,0.008245313527885927,37,0.7713535413772094,0.7609848672128706,0.7778149736949166,0.7661052783748485,0.7636963975258257,0.7679910116371342,0.005981681983536365,0.7967708359230327,0.7925278320062922,0.8049297968162434,0.7900941558286311,0.8209118628794005,0.80104689669072,0.011140156966943544,41,0.8144762283723231,0.8099451571728024,0.8219863158648082,0.8169550167093036,0.8101119037459732,0.814694924373042,0.004514080232339025,0.7658333333333334,0.7583333333333333,0.7616666666666666,0.7775000000000001,0.7791666666666668,0.7685000000000001,0.008389808632435542,36,0.7810416666666665,0.7735416666666666,0.7889583333333333,0.7760416666666666,0.7750000000000001,0.7789166666666667,0.005618669277012512,PNN + PCA,,,1.0
0.022365379333496093,0.001442830365036477,0.16120152473449706,0.003036474007354897,20,,,,,"{'PNN__sigma': 1, 'pca__n_components': 20}",0.8183333333333334,0.805,0.8058333333333333,0.8208333333333333,0.8216666666666667,0.8143333333333332,0.007367345368433441,29,0.823125,0.8183333333333334,0.8302083333333333,0.8191666666666667,0.8204166666666667,0.82225,0.004296720325498906,0.8075018793480205,0.8007321781486663,0.8017467526251468,0.8141427540091386,0.816632060432044,0.8081511249126032,0.006392247833132898,29,0.819560427619285,0.813318355202489,0.8253459454287314,0.8130376521212457,0.8151918756408951,0.8172908512025293,0.004654280726561178,0.8563569890062172,0.8399880039798043,0.8450499702052093,0.852375993356561,0.8608839809303532,0.850930987495629,0.007548865679564339,34,0.855651942363128,0.8535598277485221,0.8614066324454094,0.8513010779823571,0.8519595746601318,0.8547758110399097,0.003639202416467762,0.8183333333333334,0.805,0.8058333333333333,0.8208333333333334,0.8216666666666668,0.8143333333333335,0.0073673453684334825,29,0.8231249999999999,0.8183333333333332,0.8302083333333333,0.8191666666666666,0.8204166666666666,0.8222499999999998,0.004296720325498948,PNN + PCA,,,1.0
0.02455167770385742,0.0033072896113611598,0.17064738273620605,0.018065945076458024,30,,,,,"{'PNN__sigma': 1, 'pca__n_components': 30}",0.8216666666666667,0.8108333333333333,0.8191666666666667,0.82,0.825,0.8193333333333334,0.004696334267868458,28,0.830625,0.8270833333333333,0.8366666666666667,0.8285416666666666,0.8275,0.8300833333333333,0.003512378902617944,0.8116473371956617,0.8081439052603689,0.8173474070427533,0.8132496140520212,0.820702704883552,0.8142181936868713,0.0043882864806730456,28,0.8273221350873006,0.8228280173670002,0.832949387735525,0.8231107740246291,0.8231843194570515,0.8258789267343012,0.003906555897210498,0.8606156888640316,0.8510952588376067,0.8552783952835092,0.8548699074482264,0.8635599779618601,0.8570838456790468,0.004437083537773986,33,0.8635527820118718,0.8616665808816529,0.8665553924890925,0.8588226109891224,0.8602680875108352,0.8621730907765149,0.002691446478254798,0.8216666666666668,0.8108333333333333,0.8191666666666667,0.8200000000000002,0.8250000000000001,0.8193333333333334,0.004696334267868502,28,0.8306250000000001,0.8270833333333333,0.8366666666666667,0.8285416666666667,0.8275,0.8300833333333333,0.0035123789026179375,PNN + PCA,,,1.0
0.019698572158813477,0.0049779558734238125,0.1652985095977783,0.014360004952848952,40,,,,,"{'PNN__sigma': 1, 'pca__n_components': 40}",0.8275,0.815,0.82,0.8216666666666667,0.8316666666666667,0.8231666666666667,0.005830951894845323,25,0.8345833333333333,0.8314583333333333,0.8404166666666667,0.8322916666666667,0.8322916666666667,0.8342083333333333,0.003273950213427221,0.8194110564642282,0.8125734078685544,0.8183375071532014,0.8157040413974779,0.8280437515290815,0.8188139528825087,0.005184373979420684,25,0.8317536610438044,0.8271241611822121,0.8368605459879404,0.8275822625778447,0.8284893497479382,0.830361996107948,0.0036300187253179407,0.8659197226507359,0.8540180353345952,0.8577540148125328,0.8517480607918897,0.8689756484256671,0.8596830964030842,0.006693670038012736,30,0.8665702303861276,0.8646547056291527,0.8711828041319447,0.8629603363033724,0.8630459426365553,0.8656828038174306,0.0030482579126948537,0.8275,0.815,0.8200000000000001,0.8216666666666668,0.8316666666666668,0.8231666666666667,0.005830951894845338,25,0.8345833333333332,0.8314583333333334,0.8404166666666668,0.8322916666666668,0.8322916666666667,0.8342083333333334,0.0032739502134272293,PNN + PCA,,,1.0
0.022792911529541014,0.005331495374296263,0.17688746452331544,0.01271290739703596,50,,,,,"{'PNN__sigma': 1, 'pca__n_components': 50}",0.8241666666666667,0.8133333333333334,0.8225,0.8191666666666667,0.83,0.8218333333333334,0.0055126118028470585,26,0.835,0.8310416666666667,0.8410416666666667,0.8322916666666667,0.8316666666666667,0.8342083333333333,0.0036737620741928594,0.8159583419869676,0.8106309330627212,0.8209893766966416,0.8132592423789122,0.8265119267916817,0.8174699641833849,0.005673286149967692,26,0.8322624306942396,0.8270926661227456,0.8375057166343503,0.8279588127428995,0.8276759646536173,0.8304991181695704,0.003955476105073566,0.8636508466327247,0.8528609008024606,0.8599438508584565,0.8502543067246062,0.8677267057974142,0.8588873221631325,0.006523631370159562,31,0.8674829068787664,0.8642603519832767,0.8715565255716554,0.863987788055118,0.8629780048928033,0.8660531154763239,0.003139035187173399,0.8241666666666667,0.8133333333333332,0.8225,0.8191666666666666,0.83,0.8218333333333334,0.005512611802847104,26,0.8350000000000001,0.8310416666666666,0.8410416666666668,0.8322916666666667,0.8316666666666668,0.8342083333333334,0.0036737620741929093,PNN + PCA,,,1.0
0.04161624908447266,0.044135474611320995,0.16972789764404297,0.013713269045049176,57,,,,,"{'PNN__sigma': 1, 'pca__n_components': 57}",0.8233333333333334,0.8133333333333334,0.8225,0.8191666666666667,0.83,0.8216666666666667,0.005451809077932022,27,0.8347916666666667,0.8310416666666667,0.8410416666666667,0.8322916666666667,0.8314583333333333,0.8341249999999999,0.0036949665462325744,0.8151726910916058,0.8106309330627212,0.8209893766966416,0.8132592423789122,0.8265119267916817,0.8173128340043124,0.005723633308043244,27,0.8320402004317679,0.8270926661227456,0.837527989047927,0.8279588127428995,0.8275131915381949,0.830426571976707,0.0039680340388918685,0.8630250835069616,0.8528609008024606,0.8599438508584565,0.8502543067246062,0.8677267057974142,0.8587621695379799,0.006436465162444664,32,0.8673239502587661,0.8642603519832767,0.8716416916796326,0.863987788055118,0.8629220747058123,0.8660271713365211,0.0031662859674355436,0.8233333333333334,0.8133333333333332,0.8225,0.8191666666666666,0.83,0.8216666666666667,0.005451809077932066,27,0.8347916666666666,0.8310416666666666,0.8410416666666668,0.8322916666666667,0.8314583333333334,0.8341249999999999,0.0036949665462326143,PNN + PCA,,,1.0
0.016387081146240233,0.0014436309548130364,0.1781153678894043,0.021661714437549582,10,,,,,"{'PNN__sigma': 2, 'pca__n_components': 10}",0.7541666666666667,0.7458333333333333,0.7525,0.775,0.7708333333333334,0.7596666666666667,0.011249691353790822,37,0.7702083333333334,0.761875,0.780625,0.7654166666666666,0.7635416666666667,0.7683333333333333,0.006749485577105544,0.7359801468536095,0.7335125636038069,0.7406528907830378,0.7601532931752185,0.7580559622528679,0.7456709713337081,0.011225379601887641,38,0.759009734734364,0.7465531364442549,0.7680808964497026,0.7532733875241068,0.7502068915225725,0.7554248093350002,0.007531136609569128,0.7897622021271857,0.794694705184008,0.7988852097519357,0.7952221547713203,0.8143268911145806,0.7985782325898061,0.008392638641824017,42,0.8079589453006878,0.8055825477864622,0.8153007593804225,0.8091271660049849,0.8069449906303944,0.8089828818205904,0.003367494998672312,0.7541666666666667,0.7458333333333332,0.7524999999999998,0.775,0.7708333333333334,0.7596666666666667,0.011249691353790862,37,0.7702083333333333,0.761875,0.780625,0.7654166666666667,0.7635416666666669,0.7683333333333333,0.0067494855771054975,PNN + PCA,,,2.0
0.020357942581176756,0.002889106542765974,0.17040753364562988,0.02100468535861514,20,,,,,"{'PNN__sigma': 2, 'pca__n_components': 20}",0.8033333333333333,0.7891666666666667,0.7941666666666667,0.8075,0.8091666666666667,0.8006666666666667,0.0077531355664086695,35,0.8120833333333334,0.8052083333333333,0.8210416666666667,0.8058333333333333,0.809375,0.8107083333333334,0.005735186231598004,0.7889657384934278,0.7837332619564835,0.7860753007218496,0.7993392381193111,0.8020787264992593,0.7920384531580662,0.007322370013853406,35,0.8075490876827364,0.7981879069682266,0.8145253864298057,0.7979597003806594,0.8030555109518313,0.8042555184826519,0.006232351704856034,0.8308254105135199,0.8320428093213683,0.8331261996611191,0.8469861762542192,0.851874690612952,0.8389710572726358,0.008709310270827423,39,0.8493503599271294,0.844880151199339,0.8545234655318409,0.842973625971292,0.8454633154720489,0.84743818362033,0.004104474316289195,0.8033333333333333,0.7891666666666667,0.7941666666666666,0.8075000000000002,0.8091666666666667,0.8006666666666667,0.0077531355664087285,35,0.8120833333333335,0.8052083333333333,0.8210416666666666,0.8058333333333333,0.809375,0.8107083333333334,0.005735186231597971,PNN + PCA,,,2.0
0.032708930969238284,0.014378583837128296,0.1720592975616455,0.012177836448743753,30,,,,,"{'PNN__sigma': 2, 'pca__n_components': 30}",0.8066666666666666,0.7958333333333333,0.8016666666666666,0.8075,0.8166666666666667,0.8056666666666666,0.006900080514828162,33,0.8170833333333334,0.8070833333333334,0.8252083333333333,0.814375,0.814375,0.815625,0.005831845048238726,0.7944969639885511,0.7909201384916098,0.7958728338613633,0.7996311634341516,0.8116663863097677,0.7985174972170886,0.007141601054736997,34,0.8135210313105452,0.8005198213368868,0.8198959280912744,0.8071625922838027,0.8090007398273997,0.8100200225699817,0.0064691304003861,0.8352647864945163,0.8415670509049326,0.8407121855603561,0.8465661641581305,0.858658712921546,0.8445537800078963,0.00791154373800906,38,0.855851567315241,0.8479046697890753,0.8575197770969843,0.8485877204908896,0.851462895873254,0.8522653261130888,0.0038380823878746183,0.8066666666666666,0.7958333333333332,0.8016666666666669,0.8075000000000002,0.8166666666666667,0.8056666666666666,0.00690008051482818,33,0.8170833333333333,0.8070833333333334,0.8252083333333332,0.814375,0.814375,0.815625,0.0058318450482386834,PNN + PCA,,,2.0
0.019210100173950195,0.0053218873031975495,0.16981754302978516,0.012247629013793804,40,,,,,"{'PNN__sigma': 2, 'pca__n_components': 40}",0.8091666666666667,0.7958333333333333,0.8008333333333333,0.8083333333333333,0.8225,0.8073333333333332,0.009043106644167048,30,0.819375,0.813125,0.8254166666666667,0.8172916666666666,0.81625,0.8182916666666668,0.004093948786522216,0.7980325077489681,0.7914629251510265,0.7973392490598508,0.8009675576368565,0.818037813090763,0.801168010537493,0.008981201412949367,30,0.8162512648670067,0.807115338177243,0.8205802228544187,0.8110622100430575,0.8109043673403702,0.8131826806564192,0.004704032133744044,0.8374821359210645,0.8435036252194377,0.84474382387524,0.8404201402760385,0.8647726473536786,0.8461844745290918,0.009630585059215376,35,0.8568576277777744,0.8540337155859404,0.8589463064211071,0.8526522703219873,0.8524990891866536,0.8549978018586927,0.0025188960390255624,0.8091666666666665,0.7958333333333332,0.8008333333333334,0.8083333333333335,0.8225,0.8073333333333332,0.009043106644167055,30,0.8193750000000002,0.813125,0.8254166666666668,0.8172916666666665,0.8162499999999999,0.8182916666666668,0.004093948786522283,PNN + PCA,,,2.0
0.028614044189453125,0.011331383097285246,0.17738785743713378,0.016615822605258637,50,,,,,"{'PNN__sigma': 2, 'pca__n_components': 50}",0.8066666666666666,0.7933333333333333,0.8025,0.8083333333333333,0.8183333333333334,0.8058333333333334,0.00813087394510032,31,0.81875,0.811875,0.82375,0.816875,0.8158333333333333,0.8174166666666667,0.003883279684894077,0.7950857522216314,0.7895471321868462,0.7990252215008443,0.8002737774760859,0.8139483062723993,0.7995760379315614,0.008100542607339042,31,0.8157934126179999,0.8062674610110278,0.8188574695513325,0.8108430532503111,0.8106300819326367,0.8124782956726616,0.00438972069130623,0.8362722920962926,0.8428081262596199,0.8470389344735729,0.8408014916734626,0.8626002946625072,0.845904227833091,0.009038187362940967,36,0.8569649753435995,0.8532560219423317,0.8582772463180154,0.8522629772608429,0.8524299216036232,0.8546382284936825,0.0024933966519508142,0.8066666666666665,0.7933333333333332,0.8025000000000001,0.8083333333333335,0.8183333333333334,0.8058333333333334,0.00813087394510035,31,0.81875,0.8118750000000001,0.82375,0.8168749999999999,0.8158333333333334,0.8174166666666668,0.00388327968489404,PNN + PCA,,,2.0
0.025042104721069335,0.009561067977322292,0.17053074836730958,0.0133016950660844,57,,,,,"{'PNN__sigma': 2, 'pca__n_components': 57}",0.8066666666666666,0.7933333333333333,0.8025,0.8083333333333333,0.8183333333333334,0.8058333333333334,0.00813087394510032,31,0.81875,0.8120833333333334,0.82375,0.816875,0.8158333333333333,0.8174583333333333,0.003824264635194571,0.7950857522216314,0.7895471321868462,0.7990252215008443,0.8002737774760859,0.8139483062723993,0.7995760379315614,0.008100542607339042,31,0.8157934126179999,0.8064545912129163,0.8188574695513325,0.8109068104099452,0.8106300819326367,0.812528473144966,0.004332245288994133,0.8362722920962926,0.8428081262596199,0.8470389344735729,0.8408014916734626,0.8626002946625072,0.845904227833091,0.009038187362940967,36,0.8569649753435995,0.8534056495764795,0.8582772463180154,0.8523014243278831,0.8524299216036232,0.8546758434339201,0.002470046599879436,0.8066666666666665,0.7933333333333332,0.8025000000000001,0.8083333333333335,0.8183333333333334,0.8058333333333334,0.00813087394510035,31,0.81875,0.8120833333333334,0.82375,0.8168749999999999,0.8158333333333334,0.8174583333333334,0.003824264635194565,PNN + PCA,,,2.0
